EMIS_ID,Attendance_Percentage,Study_Hours,Assignment_Completion,Private_Tutoring,Sleep_Hours,Mobile_Usage_Hours,Motivation_Level,Stress_Level,Study_Environment,Parental_Education,Family_Income_Level,Peer_Influence,Physical_Health_Rating,Chronic_Illness,Risk_Level
2703100947905775,73.21,2.0,0.0,0,0.0,0.0,0.0,0.0,0.0,0.0,1.0,4.0,3.0,0.0,1
2703100947502924,56.46,1.0,0.0,0,3.0,3.0,0.0,1.0,1.0,0.0,0.0,4.0,3.0,0.0,1
6900600047601170,72.25,1.0,0.0,0,3.0,3.0,3.0,1.0,1.0,3.0,0.0,4.0,3.0,0.0,1
2703105517400543,73.68,2.0,0.0,0,3.0,3.0,0.0,1.0,2.0,0.0,0.0,4.0,3.0,0.0,1
2703100948007084,62.68,2.0,0.0,0,3.0,3.0,0.0,4.0,1.0,0.0,0.0,4.0,3.0,0.0,1
2703100948200377,55.02,2.0,0.0,0,3.0,3.0,0.0,1.0,2.0,0.0,0.0,4.0,3.0,0.0,1
2703101338100066,78.47,1.0,0.0,0,3.0,3.0,0.0,1.0,1.0,3.0,1.0,4.0,3.0,0.0,1
2703100947603532,75.12,0.0,0.0,0,3.0,3.0,0.0,1.0,1.0,0.0,0.0,4.0,3.0,0.0,1
2703100947906656,72.25,3.0,0.0,1,2.0,1.0,1.0,1.0,2.0,0.0,1.0,4.0,3.0,0.0,0
2703100948100175,77.03,1.0,0.0,0,3.0,3.0,0.0,4.0,1.0,0.0,0.0,2.0,2.0,1.0,2
2703100947906661,62.2,0.0,0.0,0,3.0,4.0,0.0,1.0,2.0,0.0,0.0,4.0,3.0,0.0,1
2703100948100132,66.51,0.0,0.0,0,3.0,3.0,0.0,4.0,1.0,0.0,0.0,4.0,3.0,0.0,1
7100100017400586,66.51,0.0,0.0,1,3.0,3.0,0.0,1.0,1.0,0.0,0.0,4.0,3.0,0.0,0
2703105437802421,79.9,3.0,0.0,0,1.0,2.0,3.0,1.0,1.0,3.0,2.0,4.0,3.0,0.0,0
2703100947905657,68.42,0.0,0.0,0,3.0,3.0,0.0,1.0,2.0,0.0,0.0,4.0,3.0,0.0,1
1704801528000606,41.63,1.0,0.0,0,2.0,2.0,2.0,1.0,1.0,0.0,0.0,4.0,3.0,1.0,0
5004000518000480,72.73,3.0,0.0,1,1.0,1.0,2.0,2.0,0.0,0.0,0.0,4.0,0.0,0.0,0
2703100947402067,63.16,3.0,0.0,1,0.0,0.0,4.0,1.0,2.0,3.0,0.0,4.0,3.0,0.0,0
2703100947905670,70.81,0.0,0.0,0,0.0,0.0,0.0,0.0,0.0,0.0,0.0,4.0,0.0,0.0,1
2703100948200413,66.99,1.0,0.0,0,3.0,3.0,0.0,4.0,1.0,0.0,0.0,2.0,2.0,1.0,2
2703100947906024,66.51,1.0,0.0,0,3.0,3.0,0.0,4.0,1.0,0.0,0.0,2.0,2.0,1.0,2
2703100947906014,74.64,0.0,0.0,0,3.0,3.0,0.0,1.0,1.0,0.0,0.0,4.0,3.0,0.0,1
5400600058100036,27.27,1.0,0.0,0,0.0,4.0,0.0,4.0,0.0,0.0,0.0,2.0,2.0,1.0,2
2703100948006863,69.38,0.0,0.0,0,3.0,3.0,0.0,1.0,2.0,0.0,0.0,4.0,3.0,0.0,1
5400600027901512,74.64,0.0,0.0,0,3.0,4.0,0.0,1.0,2.0,0.0,0.0,4.0,3.0,0.0,1
2703100947402051,66.51,1.0,0.0,0,3.0,3.0,0.0,4.0,1.0,0.0,0.0,2.0,2.0,1.0,2
2703100948200353,56.46,1.0,0.0,0,2.0,3.0,0.0,4.0,2.0,0.0,0.0,2.0,2.0,1.0,2
2703100948200175,67.46,0.0,0.0,1,3.0,3.0,0.0,1.0,1.0,0.0,0.0,4.0,3.0,0.0,1
2703100948200185,74.16,0.0,0.0,0,3.0,3.0,0.0,1.0,1.0,3.0,0.0,4.0,3.0,0.0,1
2703100947402053,38.76,0.0,0.0,0,3.0,4.0,0.0,4.0,1.0,0.0,0.0,4.0,3.0,1.0,2
2703100947704287,72.25,0.0,0.0,0,3.0,3.0,0.0,1.0,1.0,0.0,0.0,4.0,3.0,0.0,0
2703100948200202,68.9,3.0,0.0,0,2.0,1.0,1.0,1.0,2.0,0.0,1.0,4.0,3.0,0.0,0
2703100948200396,60.29,0.0,0.0,0,3.0,3.0,0.0,1.0,2.0,0.0,0.0,4.0,3.0,0.0,1
2703100947905781,73.68,0.0,0.0,0,3.0,3.0,0.0,1.0,2.0,0.0,0.0,4.0,3.0,0.0,1
2703100948007144,56.46,0.0,0.0,0,3.0,3.0,0.0,1.0,1.0,3.0,0.0,4.0,3.0,0.0,1
2703100947905663,61.24,1.0,0.0,0,3.0,3.0,0.0,4.0,1.0,0.0,0.0,2.0,2.0,1.0,2
7502200087906530,68.9,1.0,0.0,0,3.0,3.0,0.0,4.0,1.0,0.0,0.0,2.0,2.0,1.0,2
2703100947603774,66.03,1.0,0.0,0,3.0,3.0,0.0,4.0,1.0,0.0,0.0,2.0,2.0,1.0,2
2703100948200404,71.29,0.0,0.0,0,3.0,3.0,0.0,1.0,1.0,0.0,0.0,4.0,3.0,0.0,1
2703100948200411,69.38,1.0,0.0,0,3.0,3.0,0.0,4.0,1.0,0.0,0.0,2.0,2.0,1.0,2
2703106748000475,80.86,0.0,0.0,1,3.0,3.0,0.0,1.0,2.0,0.0,0.0,4.0,3.0,0.0,1
2703106748000474,74.16,0.0,0.0,0,0.0,0.0,0.0,0.0,0.0,0.0,0.0,4.0,0.0,0.0,1
2703100948200330,65.07,3.0,0.0,1,2.0,1.0,1.0,1.0,2.0,0.0,1.0,4.0,3.0,0.0,0
1609000357600483,57.89,0.0,0.0,0,3.0,3.0,0.0,1.0,2.0,0.0,0.0,4.0,3.0,0.0,1
2703100947906039,50.24,1.0,0.0,0,3.0,3.0,0.0,4.0,1.0,0.0,0.0,2.0,2.0,1.0,2
7100600237600687,76.08,1.0,0.0,0,3.0,2.0,2.0,1.0,1.0,0.0,0.0,4.0,3.0,0.0,0
2703100947905825,60.29,0.0,0.0,0,3.0,3.0,3.0,1.0,1.0,0.0,0.0,4.0,3.0,0.0,1
2703100948006842,80.86,3.0,0.0,0,1.0,1.0,3.0,3.0,2.0,3.0,2.0,4.0,2.0,0.0,0
2703100947805106,68.42,0.0,0.0,0,3.0,3.0,0.0,4.0,1.0,0.0,0.0,4.0,3.0,0.0,1
1509700218003145,74.16,1.0,0.0,0,3.0,3.0,0.0,2.0,1.0,0.0,0.0,4.0,3.0,0.0,0
2703100948200368,79.9,3.0,0.0,0,1.0,2.0,3.0,1.0,2.0,3.0,2.0,4.0,3.0,0.0,0
2703102557300278,69.38,1.0,0.0,0,3.0,3.0,3.0,2.0,1.0,0.0,0.0,4.0,3.0,0.0,0
2703100948200380,21.05,1.0,0.0,0,3.0,2.0,2.0,2.0,1.0,0.0,0.0,4.0,3.0,0.0,0
2703100948200180,53.59,3.0,4.0,1,0.0,2.0,4.0,1.0,2.0,3.0,0.0,4.0,3.0,0.0,0
2703100948007017,74.16,1.0,0.0,1,2.0,2.0,2.0,2.0,1.0,0.0,0.0,4.0,3.0,0.0,0
1302400148000802,78.47,0.0,0.0,0,3.0,3.0,0.0,1.0,2.0,0.0,0.0,4.0,3.0,1.0,1
2703100947905607,66.99,0.0,0.0,0,3.0,3.0,0.0,1.0,1.0,3.0,0.0,4.0,3.0,0.0,1
2703100947905627,75.6,1.0,0.0,0,3.0,3.0,0.0,4.0,1.0,0.0,0.0,2.0,2.0,1.0,2
3206800038003947,66.51,1.0,0.0,0,3.0,3.0,0.0,2.0,1.0,0.0,0.0,4.0,3.0,0.0,0
2703106447801180,79.43,3.0,0.0,1,1.0,1.0,3.0,2.0,1.0,3.0,2.0,4.0,3.0,0.0,0
2703100947805521,77.99,1.0,0.0,0,3.0,3.0,0.0,4.0,1.0,0.0,0.0,2.0,2.0,1.0,2
7100100347901014,74.64,2.0,0.0,1,3.0,1.0,2.0,1.0,1.0,0.0,0.0,4.0,3.0,0.0,0
2703100947905608,76.56,0.0,0.0,0,3.0,3.0,0.0,1.0,2.0,0.0,0.0,4.0,3.0,0.0,1
2703100247601113,75.6,1.0,0.0,0,3.0,2.0,2.0,2.0,1.0,0.0,0.0,4.0,3.0,0.0,0
2703100947906000,77.03,1.0,0.0,0,3.0,2.0,2.0,2.0,1.0,0.0,0.0,4.0,3.0,0.0,0
2703100948200257,35.89,0.0,0.0,0,2.0,3.0,0.0,1.0,1.0,0.0,0.0,4.0,3.0,0.0,1
2703100948100183,74.64,1.0,0.0,0,3.0,3.0,0.0,4.0,1.0,0.0,0.0,2.0,2.0,1.0,2
2703100948006891,77.99,1.0,0.0,0,3.0,3.0,0.0,4.0,1.0,0.0,0.0,2.0,2.0,1.0,2
2703100948200322,69.38,1.0,0.0,0,3.0,3.0,0.0,4.0,1.0,0.0,0.0,2.0,2.0,1.0,2
2703100948200379,42.58,2.0,0.0,0,3.0,3.0,0.0,4.0,1.0,0.0,0.0,2.0,2.0,1.0,2
2703100948007008,60.29,1.0,0.0,0,3.0,3.0,0.0,4.0,1.0,0.0,0.0,2.0,2.0,1.0,2
2703100947805501,78.95,0.0,0.0,0,3.0,3.0,0.0,1.0,2.0,0.0,0.0,4.0,3.0,0.0,1
1704800458100378,74.16,0.0,0.0,0,3.0,3.0,0.0,2.0,1.0,0.0,0.0,4.0,3.0,0.0,0
6701900128000447,73.68,1.0,0.0,0,2.0,3.0,0.0,2.0,1.0,0.0,0.0,4.0,3.0,0.0,0
2703100948200390,70.33,1.0,0.0,0,3.0,2.0,2.0,1.0,1.0,0.0,0.0,4.0,3.0,0.0,0
2703100948006938,75.6,1.0,0.0,0,3.0,3.0,0.0,4.0,1.0,0.0,0.0,2.0,2.0,1.0,2
2703100947906015,70.81,0.0,0.0,0,3.0,3.0,0.0,2.0,1.0,0.0,0.0,4.0,3.0,0.0,0
2703106447801199,76.08,1.0,0.0,0,3.0,2.0,2.0,2.0,1.0,0.0,0.0,4.0,3.0,0.0,0
3305200258001779,67.94,0.0,0.0,0,3.0,3.0,0.0,1.0,2.0,0.0,0.0,4.0,3.0,0.0,1
2703100947402052,67.94,1.0,0.0,0,3.0,3.0,0.0,4.0,1.0,0.0,0.0,2.0,2.0,1.0,2
2703100947905822,70.81,0.0,0.0,0,3.0,3.0,0.0,1.0,1.0,0.0,0.0,4.0,3.0,0.0,1
3301800058000017,73.21,0.0,0.0,0,3.0,3.0,0.0,1.0,2.0,0.0,0.0,4.0,3.0,0.0,1
2703100947906008,69.38,3.0,0.0,0,2.0,1.0,1.0,1.0,2.0,0.0,1.0,4.0,3.0,0.0,0
2703100947805357,74.16,2.0,0.0,0,2.0,1.0,2.0,1.0,1.0,0.0,0.0,4.0,3.0,0.0,0
1704800458004215,72.25,0.0,0.0,1,3.0,3.0,0.0,2.0,1.0,0.0,0.0,4.0,3.0,0.0,0
2703100948006949,67.94,1.0,0.0,0,3.0,3.0,0.0,4.0,1.0,0.0,0.0,2.0,2.0,1.0,2
1100700057600667,78.95,3.0,0.0,0,1.0,1.0,3.0,0.0,2.0,0.0,1.0,4.0,2.0,0.0,0
2703100947905620,74.16,0.0,0.0,0,3.0,3.0,0.0,1.0,2.0,0.0,0.0,4.0,3.0,0.0,1
1905600098010012,68.9,3.0,0.0,0,2.0,1.0,1.0,1.0,2.0,0.0,1.0,4.0,3.0,0.0,0
2703100948200219,71.29,1.0,0.0,0,3.0,2.0,2.0,1.0,1.0,0.0,0.0,4.0,3.0,0.0,0
2703100948200157,44.98,0.0,0.0,0,3.0,3.0,0.0,1.0,2.0,0.0,0.0,4.0,3.0,0.0,1
301500277100002,74.16,0.0,0.0,0,3.0,3.0,0.0,1.0,1.0,0.0,0.0,4.0,3.0,0.0,0
1906400427902805,74.64,1.0,0.0,0,3.0,2.0,2.0,1.0,1.0,0.0,0.0,4.0,3.0,0.0,0
2703100947905831,73.68,1.0,0.0,0,3.0,3.0,0.0,4.0,1.0,0.0,0.0,2.0,2.0,1.0,2
1908900107801166,73.21,0.0,0.0,0,3.0,3.0,0.0,1.0,1.0,0.0,0.0,4.0,3.0,0.0,1
2703100948100181,52.63,0.0,0.0,0,3.0,4.0,0.0,1.0,1.0,0.0,0.0,4.0,3.0,0.0,1
1609000267401552,68.9,0.0,0.0,1,3.0,1.0,0.0,1.0,1.0,0.0,0.0,4.0,3.0,0.0,1
1701700077901156,74.64,0.0,0.0,0,3.0,3.0,0.0,1.0,2.0,0.0,0.0,4.0,3.0,0.0,1
2703100948100154,68.9,0.0,0.0,0,3.0,3.0,0.0,2.0,1.0,0.0,0.0,4.0,3.0,0.0,0
2703100947805520,61.72,0.0,0.0,0,3.0,3.0,0.0,4.0,1.0,0.0,0.0,4.0,3.0,0.0,1
2703100947805043,80.38,0.0,0.0,0,3.0,3.0,0.0,1.0,1.0,0.0,0.0,4.0,3.0,0.0,1
2703100948200356,66.99,1.0,0.0,0,3.0,3.0,0.0,4.0,1.0,0.0,0.0,2.0,2.0,1.0,2
2703100948100114,68.42,0.0,0.0,0,3.0,3.0,0.0,1.0,2.0,0.0,0.0,4.0,3.0,0.0,1
2703104737801605,76.08,4.0,4.0,0,1.0,0.0,1.0,0.0,3.0,3.0,2.0,5.0,3.0,0.0,0
2703100947704277,79.9,0.0,0.0,0,3.0,3.0,0.0,1.0,2.0,0.0,0.0,4.0,3.0,0.0,1
7300300327601457,76.08,0.0,0.0,0,3.0,3.0,0.0,1.0,1.0,0.0,0.0,4.0,3.0,0.0,1
2703107828000141,77.99,0.0,0.0,0,3.0,3.0,0.0,1.0,1.0,0.0,0.0,4.0,3.0,0.0,1
2703100948006917,71.29,1.0,0.0,0,3.0,3.0,0.0,4.0,1.0,0.0,0.0,2.0,2.0,1.0,2
2703100948200244,71.77,0.0,0.0,0,3.0,3.0,0.0,4.0,1.0,0.0,0.0,4.0,3.0,0.0,1
2703100948100396,50.24,1.0,0.0,0,3.0,3.0,2.0,4.0,1.0,0.0,0.0,2.0,2.0,1.0,2
4705300107801102,57.89,3.0,0.0,0,2.0,1.0,1.0,1.0,2.0,0.0,1.0,4.0,3.0,0.0,0
2504200058001037,71.77,0.0,0.0,0,3.0,3.0,0.0,1.0,1.0,0.0,0.0,4.0,3.0,0.0,1
2703109927903368,67.46,0.0,0.0,0,3.0,3.0,0.0,4.0,1.0,0.0,0.0,4.0,3.0,0.0,1
2703100948200309,61.24,1.0,0.0,0,3.0,3.0,0.0,4.0,1.0,0.0,0.0,2.0,2.0,1.0,2
2703104838000091,76.08,1.0,0.0,0,3.0,2.0,0.0,2.0,1.0,0.0,0.0,4.0,3.0,0.0,0
2703100947905798,49.28,0.0,0.0,0,2.0,3.0,0.0,1.0,2.0,0.0,0.0,4.0,3.0,0.0,1
2703100948200225,73.68,1.0,0.0,0,3.0,3.0,0.0,2.0,1.0,0.0,0.0,4.0,3.0,0.0,0
2703100947905849,39.23,0.0,0.0,0,3.0,3.0,0.0,1.0,2.0,0.0,0.0,4.0,3.0,0.0,1
2703100948006866,62.2,0.0,0.0,0,3.0,3.0,0.0,4.0,1.0,0.0,0.0,4.0,3.0,0.0,1
2703100947603770,73.68,0.0,0.0,0,3.0,3.0,0.0,1.0,1.0,0.0,0.0,4.0,3.0,0.0,1
2703103378001892,26.32,1.0,0.0,0,0.0,3.0,0.0,4.0,0.0,0.0,0.0,4.0,2.0,1.0,2
1201400027600097,77.03,0.0,0.0,0,3.0,3.0,0.0,4.0,1.0,0.0,0.0,4.0,3.0,0.0,1
2703100948200222,69.86,0.0,0.0,1,3.0,3.0,0.0,4.0,1.0,0.0,0.0,4.0,3.0,0.0,1
2703100628000926,75.6,1.0,0.0,0,3.0,3.0,0.0,2.0,1.0,0.0,0.0,4.0,3.0,0.0,0
2703106797700529,63.64,0.0,0.0,0,3.0,3.0,0.0,1.0,1.0,0.0,0.0,4.0,3.0,0.0,1
1302400018200011,74.16,0.0,0.0,0,2.0,3.0,0.0,1.0,1.0,0.0,0.0,4.0,3.0,0.0,1
3102000447802259,72.73,1.0,0.0,0,3.0,2.0,2.0,2.0,1.0,0.0,0.0,4.0,3.0,0.0,0
2703100948007035,64.59,1.0,0.0,0,3.0,3.0,0.0,4.0,1.0,0.0,0.0,2.0,2.0,1.0,2
2703102658000905,75.12,0.0,0.0,0,3.0,3.0,0.0,1.0,1.0,0.0,0.0,4.0,3.0,0.0,1
2703100948200270,56.46,0.0,0.0,1,3.0,3.0,0.0,1.0,2.0,0.0,0.0,4.0,3.0,0.0,1
2703100948006859,64.59,0.0,0.0,0,3.0,4.0,0.0,4.0,0.0,0.0,0.0,4.0,3.0,0.0,1
2703100947805491,70.81,0.0,0.0,0,3.0,3.0,0.0,1.0,2.0,0.0,0.0,4.0,3.0,0.0,1
2703100948006900,68.9,1.0,0.0,0,3.0,2.0,2.0,1.0,1.0,0.0,0.0,4.0,3.0,0.0,0
2703100948200424,66.99,1.0,0.0,0,3.0,3.0,0.0,4.0,1.0,0.0,0.0,2.0,2.0,1.0,2
2703104737601308,71.29,4.0,4.0,0,1.0,0.0,1.0,0.0,3.0,3.0,2.0,5.0,3.0,0.0,0
2703100948200369,56.94,1.0,0.0,0,2.0,3.0,0.0,4.0,1.0,0.0,0.0,2.0,2.0,1.0,2
2703104007900910,70.81,2.0,0.0,1,3.0,1.0,2.0,1.0,1.0,0.0,0.0,4.0,3.0,0.0,0
2703100948006853,73.21,0.0,0.0,1,2.0,3.0,0.0,4.0,1.0,0.0,0.0,4.0,3.0,0.0,1
2703100947906009,68.42,0.0,0.0,0,3.0,3.0,0.0,1.0,1.0,0.0,0.0,4.0,3.0,0.0,1
3406200128000237,49.76,2.0,0.0,0,2.0,1.0,2.0,1.0,1.0,0.0,0.0,4.0,3.0,0.0,0
2502700888004085,73.68,2.0,0.0,0,3.0,1.0,3.0,1.0,1.0,0.0,0.0,4.0,3.0,0.0,0
2703100947906025,77.51,0.0,0.0,0,3.0,3.0,0.0,4.0,1.0,0.0,0.0,4.0,3.0,0.0,1
2703100797400463,59.81,1.0,0.0,0,3.0,3.0,0.0,3.0,1.0,0.0,0.0,2.0,2.0,1.0,2
2203400087801666,73.68,0.0,0.0,0,3.0,3.0,0.0,1.0,2.0,0.0,0.0,4.0,3.0,0.0,1
2703100947905765,59.81,0.0,0.0,0,3.0,3.0,0.0,1.0,2.0,0.0,0.0,4.0,3.0,0.0,1
1200200057600859,77.51,1.0,0.0,0,3.0,3.0,0.0,4.0,1.0,0.0,0.0,2.0,2.0,1.0,2
2703100947704608,46.89,1.0,0.0,0,2.0,3.0,0.0,2.0,1.0,0.0,0.0,4.0,2.0,1.0,2
2703100948100173,48.33,1.0,0.0,0,3.0,2.0,2.0,1.0,1.0,0.0,0.0,4.0,3.0,0.0,0
2703100947905998,63.16,1.0,0.0,0,3.0,3.0,0.0,4.0,1.0,0.0,0.0,2.0,2.0,1.0,2
2703100948006969,73.21,3.0,0.0,0,1.0,0.0,3.0,1.0,2.0,3.0,2.0,4.0,3.0,0.0,0
7101000987600727,78.47,3.0,0.0,0,0.0,1.0,3.0,3.0,1.0,3.0,2.0,4.0,3.0,0.0,0
7101000087807108,76.08,1.0,0.0,0,3.0,2.0,2.0,1.0,1.0,0.0,0.0,4.0,3.0,0.0,0
1701800197600695,66.99,0.0,0.0,0,3.0,3.0,0.0,2.0,1.0,0.0,0.0,4.0,3.0,0.0,0
2703107018000412,78.47,1.0,0.0,0,3.0,3.0,0.0,4.0,1.0,0.0,0.0,2.0,2.0,1.0,2
1704800457803423,69.86,1.0,0.0,1,3.0,2.0,2.0,1.0,1.0,0.0,0.0,4.0,3.0,0.0,0
2703100948006865,73.68,0.0,0.0,0,3.0,3.0,0.0,4.0,1.0,0.0,0.0,4.0,3.0,0.0,1
2703106877900722,78.47,3.0,0.0,0,1.0,1.0,3.0,2.0,2.0,3.0,2.0,4.0,3.0,0.0,0
2703100947906304,77.51,0.0,0.0,0,3.0,3.0,0.0,1.0,1.0,0.0,0.0,4.0,3.0,0.0,1
2703100948007315,77.03,1.0,0.0,0,3.0,3.0,0.0,4.0,1.0,0.0,0.0,2.0,2.0,1.0,2
2703100947905654,66.99,1.0,0.0,0,3.0,3.0,0.0,4.0,1.0,0.0,0.0,2.0,2.0,1.0,2
1705400048000013,46.89,3.0,4.0,1,1.0,1.0,2.0,2.0,0.0,0.0,0.0,4.0,0.0,0.0,0
2703100948200294,68.42,0.0,0.0,0,3.0,3.0,0.0,1.0,1.0,0.0,0.0,4.0,3.0,0.0,1
2703100948006982,61.24,1.0,0.0,0,3.0,3.0,0.0,4.0,1.0,0.0,0.0,2.0,2.0,1.0,2
2703100947906012,28.71,1.0,0.0,0,3.0,3.0,0.0,4.0,1.0,0.0,0.0,2.0,2.0,1.0,2
2703104757200015,78.95,3.0,0.0,0,3.0,1.0,2.0,0.0,2.0,3.0,2.0,4.0,3.0,0.0,0
2703108688000053,75.12,0.0,0.0,0,3.0,3.0,0.0,1.0,1.0,0.0,0.0,4.0,3.0,0.0,1
2200400338001052,78.47,0.0,0.0,1,3.0,3.0,0.0,1.0,1.0,0.0,0.0,4.0,3.0,0.0,1
7502200168001226,74.64,3.0,0.0,0,2.0,1.0,1.0,1.0,2.0,0.0,1.0,4.0,3.0,0.0,0
2702300197601362,54.07,3.0,0.0,1,2.0,1.0,1.0,1.0,2.0,0.0,1.0,4.0,3.0,0.0,0
2703100948006885,67.46,0.0,0.0,0,3.0,4.0,0.0,1.0,2.0,0.0,0.0,4.0,3.0,0.0,1
2703100948200172,71.29,0.0,0.0,0,3.0,3.0,0.0,1.0,2.0,0.0,0.0,4.0,3.0,0.0,1
2703100947905764,73.68,0.0,0.0,0,3.0,3.0,0.0,1.0,1.0,0.0,0.0,4.0,3.0,0.0,1
2703106458001853,66.51,1.0,0.0,0,3.0,3.0,0.0,4.0,1.0,0.0,0.0,2.0,2.0,1.0,2
1505000028003086,67.46,0.0,0.0,0,3.0,3.0,0.0,1.0,1.0,0.0,0.0,4.0,3.0,0.0,0
2703100948100187,68.9,0.0,0.0,0,3.0,3.0,0.0,1.0,2.0,0.0,0.0,4.0,3.0,0.0,1
2703100948100150,76.56,0.0,0.0,0,3.0,3.0,0.0,1.0,2.0,0.0,0.0,4.0,3.0,0.0,1
2703100947704603,69.86,0.0,0.0,0,3.0,3.0,0.0,1.0,1.0,0.0,0.0,4.0,3.0,0.0,1
2703100747800251,74.64,0.0,0.0,1,3.0,3.0,0.0,1.0,1.0,0.0,0.0,4.0,3.0,0.0,1
2703100948006927,70.33,1.0,0.0,0,3.0,3.0,0.0,4.0,1.0,0.0,0.0,2.0,2.0,1.0,2
2703100947905677,45.93,1.0,0.0,0,3.0,3.0,0.0,4.0,2.0,0.0,0.0,2.0,2.0,1.0,2
2703100947905796,65.55,0.0,0.0,0,3.0,3.0,0.0,4.0,1.0,0.0,0.0,4.0,3.0,0.0,1
2703100948200301,56.94,1.0,0.0,0,3.0,2.0,2.0,2.0,1.0,0.0,0.0,4.0,3.0,0.0,0
7104200387300261,41.63,1.0,0.0,0,3.0,3.0,3.0,4.0,1.0,0.0,0.0,2.0,1.0,1.0,2
2703100947905660,66.03,0.0,0.0,0,3.0,3.0,0.0,4.0,1.0,0.0,0.0,4.0,3.0,0.0,1
2703100947704594,42.58,1.0,0.0,1,3.0,3.0,4.0,4.0,1.0,0.0,0.0,2.0,2.0,1.0,2
2703100948200289,74.16,1.0,0.0,0,3.0,3.0,0.0,4.0,1.0,0.0,0.0,2.0,2.0,1.0,2
1901000238002470,73.21,4.0,4.0,0,1.0,0.0,1.0,0.0,3.0,3.0,1.0,5.0,3.0,0.0,0
2703100948200357,68.42,1.0,0.0,0,3.0,3.0,0.0,4.0,1.0,0.0,0.0,2.0,2.0,1.0,2
7502200088007647,53.59,1.0,0.0,0,3.0,3.0,0.0,4.0,1.0,0.0,0.0,4.0,2.0,2.0,2
2703100947905604,76.56,0.0,0.0,1,3.0,3.0,0.0,1.0,2.0,0.0,0.0,4.0,3.0,0.0,1
2703100947905766,76.56,0.0,0.0,0,3.0,3.0,0.0,1.0,2.0,0.0,0.0,4.0,3.0,0.0,1
2703100948100184,67.94,1.0,0.0,0,3.0,3.0,0.0,4.0,1.0,0.0,0.0,2.0,2.0,1.0,2
2703100947906638,70.81,0.0,0.0,0,3.0,3.0,0.0,4.0,1.0,0.0,0.0,4.0,3.0,0.0,1
3102000297804348,44.5,3.0,0.0,1,2.0,1.0,1.0,1.0,2.0,0.0,1.0,4.0,3.0,0.0,0
2703100948006864,73.21,0.0,0.0,0,3.0,3.0,0.0,4.0,1.0,0.0,0.0,4.0,3.0,0.0,1
5604000678004262,0.0,0.0,0.0,0,3.0,3.0,0.0,1.0,1.0,0.0,0.0,4.0,3.0,0.0,0
7101000607904448,52.15,0.0,0.0,0,3.0,3.0,0.0,1.0,1.0,0.0,0.0,4.0,3.0,0.0,1
2703100948200319,19.14,3.0,0.0,1,1.0,1.0,2.0,2.0,0.0,0.0,0.0,4.0,0.0,0.0,0
1906400648000872,31.58,0.0,0.0,0,3.0,3.0,0.0,1.0,2.0,0.0,0.0,4.0,3.0,1.0,1
2703100947906040,41.63,1.0,0.0,0,3.0,3.0,0.0,4.0,1.0,0.0,0.0,4.0,2.0,1.0,2
2703100947704589,74.64,1.0,0.0,0,3.0,2.0,2.0,1.0,1.0,0.0,0.0,4.0,3.0,0.0,0
2703100947905826,77.03,0.0,0.0,0,3.0,3.0,0.0,1.0,1.0,3.0,0.0,4.0,3.0,0.0,1
2703100948007313,73.68,1.0,0.0,0,3.0,3.0,0.0,2.0,1.0,0.0,0.0,4.0,3.0,0.0,0
2703100948200211,38.76,0.0,0.0,0,0.0,4.0,0.0,4.0,0.0,0.0,0.0,2.0,4.0,1.0,2
2703100948006932,67.46,0.0,0.0,0,3.0,3.0,0.0,1.0,1.0,0.0,0.0,4.0,3.0,0.0,1
2703100948100130,80.86,0.0,0.0,0,3.0,3.0,0.0,1.0,1.0,0.0,0.0,4.0,3.0,0.0,1
2703100947805107,74.16,0.0,0.0,0,3.0,3.0,0.0,4.0,1.0,0.0,0.0,4.0,3.0,0.0,1
2703100947906029,62.68,0.0,0.0,1,3.0,3.0,0.0,1.0,1.0,0.0,0.0,4.0,3.0,0.0,1
2703103527903027,76.08,1.0,0.0,0,3.0,2.0,2.0,2.0,1.0,0.0,0.0,4.0,3.0,0.0,0
2703100948006952,63.16,2.0,0.0,0,3.0,1.0,3.0,1.0,1.0,0.0,0.0,4.0,3.0,0.0,0
2703100947805053,77.03,3.0,0.0,0,2.0,1.0,1.0,1.0,2.0,0.0,1.0,4.0,3.0,0.0,0
2703100947905631,71.77,3.0,0.0,1,1.0,1.0,2.0,2.0,0.0,0.0,0.0,4.0,0.0,0.0,0
2703100948200239,70.81,0.0,0.0,0,3.0,3.0,0.0,1.0,1.0,0.0,0.0,4.0,3.0,0.0,1
2703100948007020,60.29,0.0,0.0,0,2.0,3.0,0.0,1.0,2.0,0.0,0.0,4.0,3.0,0.0,1
2703100948100121,76.08,2.0,0.0,1,1.0,1.0,2.0,2.0,0.0,0.0,0.0,4.0,0.0,0.0,0
5201600097701454,0.0,0.0,0.0,0,3.0,3.0,0.0,1.0,1.0,0.0,0.0,4.0,3.0,0.0,0
2703100948200334,58.85,0.0,0.0,0,3.0,3.0,0.0,1.0,1.0,3.0,0.0,4.0,3.0,0.0,1
2703100948006970,58.37,1.0,0.0,0,3.0,4.0,0.0,4.0,1.0,0.0,0.0,2.0,2.0,1.0,2
2703100948007031,67.46,0.0,0.0,0,3.0,3.0,0.0,1.0,2.0,0.0,0.0,4.0,3.0,0.0,1
6901200037501809,80.38,3.0,0.0,0,1.0,2.0,2.0,2.0,1.0,3.0,2.0,4.0,3.0,0.0,0
2703106447801190,77.51,1.0,0.0,1,3.0,3.0,0.0,2.0,1.0,0.0,0.0,4.0,3.0,0.0,0
2703106747700213,32.54,1.0,0.0,0,3.0,3.0,0.0,4.0,1.0,0.0,0.0,4.0,0.0,2.0,2
3301800058000031,74.64,0.0,0.0,0,3.0,3.0,3.0,1.0,1.0,0.0,0.0,4.0,3.0,0.0,1
2703100947603776,73.21,1.0,0.0,0,3.0,3.0,0.0,4.0,1.0,0.0,0.0,2.0,2.0,1.0,2
2703104838000083,78.47,1.0,0.0,0,3.0,3.0,0.0,4.0,1.0,0.0,0.0,2.0,2.0,1.0,2
2703100947805519,77.99,0.0,0.0,0,3.0,3.0,0.0,1.0,2.0,0.0,0.0,4.0,3.0,0.0,1
2703106447801205,55.02,0.0,0.0,0,3.0,3.0,0.0,1.0,1.0,0.0,0.0,4.0,3.0,0.0,1
2703100947402066,41.15,0.0,0.0,0,3.0,3.0,0.0,1.0,2.0,0.0,0.0,4.0,3.0,0.0,1
2703100947603766,73.68,0.0,0.0,0,3.0,3.0,0.0,2.0,1.0,0.0,0.0,4.0,3.0,0.0,0
2703100948007026,67.94,1.0,0.0,0,3.0,3.0,0.0,4.0,1.0,0.0,0.0,2.0,2.0,1.0,2
2703100948200242,76.56,4.0,4.0,0,1.0,0.0,1.0,0.0,3.0,3.0,2.0,5.0,3.0,0.0,0
2703100947603777,69.86,0.0,0.0,0,3.0,3.0,0.0,4.0,1.0,0.0,0.0,4.0,3.0,0.0,1
2703100948006822,81.34,0.0,0.0,0,3.0,3.0,0.0,4.0,1.0,0.0,0.0,4.0,3.0,0.0,1
2703100948200276,70.81,0.0,0.0,0,3.0,3.0,0.0,1.0,1.0,3.0,0.0,4.0,3.0,0.0,1
2703100948200207,72.25,1.0,0.0,0,3.0,2.0,2.0,2.0,1.0,0.0,0.0,4.0,3.0,0.0,0
2703100948200336,54.55,1.0,0.0,0,3.0,3.0,0.0,2.0,1.0,0.0,0.0,4.0,3.0,0.0,0
2703100947805017,66.99,3.0,0.0,0,2.0,1.0,1.0,1.0,2.0,0.0,0.0,4.0,3.0,0.0,0
5100900077600002,72.25,2.0,0.0,0,2.0,1.0,2.0,1.0,2.0,0.0,0.0,4.0,3.0,0.0,0
2703100947906698,64.59,0.0,0.0,0,3.0,3.0,0.0,4.0,1.0,0.0,0.0,4.0,3.0,0.0,1
2703100947905811,55.02,0.0,0.0,0,3.0,3.0,0.0,1.0,1.0,0.0,0.0,4.0,3.0,0.0,1
2703100948006906,53.59,1.0,0.0,0,3.0,1.0,2.0,1.0,1.0,0.0,0.0,4.0,3.0,0.0,0
3305200708000073,72.25,0.0,0.0,0,3.0,3.0,0.0,2.0,1.0,0.0,0.0,4.0,3.0,0.0,0
2703100947301217,74.64,1.0,0.0,0,3.0,3.0,0.0,4.0,1.0,0.0,0.0,2.0,2.0,1.0,2
2703100948200238,58.85,0.0,0.0,1,3.0,3.0,0.0,1.0,2.0,0.0,0.0,4.0,3.0,0.0,1
2703100948006978,71.77,0.0,0.0,0,3.0,3.0,0.0,1.0,1.0,0.0,0.0,4.0,3.0,0.0,1
2703100948200258,49.28,4.0,4.0,1,1.0,0.0,3.0,0.0,3.0,3.0,2.0,5.0,3.0,0.0,0
2703100948006849,77.03,0.0,0.0,0,3.0,3.0,0.0,4.0,1.0,0.0,0.0,4.0,3.0,0.0,1
2703100947502965,65.07,0.0,0.0,0,3.0,3.0,2.0,2.0,1.0,0.0,0.0,4.0,3.0,0.0,0
1806000038002245,64.11,0.0,0.0,0,2.0,3.0,0.0,2.0,1.0,0.0,0.0,4.0,3.0,0.0,0
2703100948006994,38.76,1.0,0.0,0,0.0,4.0,0.0,4.0,0.0,0.0,0.0,2.0,2.0,1.0,2
2703100948200308,77.51,1.0,0.0,0,3.0,3.0,0.0,2.0,1.0,0.0,0.0,4.0,3.0,0.0,0
2703100948200235,77.99,0.0,0.0,0,3.0,3.0,0.0,1.0,2.0,0.0,0.0,4.0,3.0,0.0,1
1906400478001270,74.16,1.0,0.0,0,2.0,2.0,2.0,2.0,1.0,0.0,0.0,4.0,3.0,0.0,0
2703100947906022,39.23,1.0,0.0,0,3.0,4.0,0.0,4.0,1.0,0.0,0.0,2.0,2.0,1.0,2
2703100948200388,62.68,1.0,0.0,0,3.0,3.0,0.0,4.0,1.0,0.0,0.0,2.0,2.0,1.0,2
2703100948200162,67.94,4.0,4.0,1,1.0,0.0,3.0,0.0,3.0,3.0,1.0,5.0,3.0,1.0,0
2703100948200150,67.46,4.0,4.0,0,1.0,0.0,1.0,0.0,3.0,3.0,2.0,5.0,3.0,0.0,0
2703100947704607,66.99,0.0,0.0,0,3.0,3.0,0.0,4.0,0.0,0.0,0.0,4.0,3.0,0.0,1
7101000727900846,48.8,1.0,0.0,0,3.0,3.0,0.0,2.0,1.0,0.0,0.0,4.0,3.0,0.0,0
2703100948200425,63.64,1.0,0.0,0,3.0,3.0,0.0,4.0,1.0,0.0,0.0,2.0,2.0,1.0,2
2703100948007250,67.46,1.0,0.0,0,2.0,2.0,0.0,2.0,1.0,0.0,0.0,4.0,3.0,0.0,0
2703100947805030,73.21,1.0,0.0,0,3.0,3.0,0.0,2.0,1.0,0.0,0.0,4.0,3.0,0.0,0
2703102028100137,77.99,0.0,0.0,0,2.0,3.0,3.0,1.0,1.0,0.0,0.0,4.0,3.0,0.0,1
2703107828000307,78.95,3.0,0.0,0,1.0,1.0,3.0,1.0,2.0,3.0,3.0,4.0,2.0,0.0,0
2703100948200363,77.99,1.0,0.0,0,3.0,3.0,0.0,4.0,1.0,0.0,0.0,2.0,2.0,1.0,2
2703100948200394,61.24,1.0,0.0,0,3.0,3.0,0.0,4.0,1.0,0.0,0.0,2.0,2.0,1.0,2
2703100947905612,77.03,1.0,0.0,0,3.0,1.0,0.0,2.0,1.0,0.0,0.0,4.0,3.0,0.0,0
2703100947502967,74.16,1.0,0.0,0,3.0,3.0,0.0,4.0,1.0,0.0,0.0,2.0,2.0,1.0,2
2703105518001330,3.83,3.0,0.0,0,2.0,1.0,1.0,1.0,2.0,0.0,0.0,4.0,3.0,0.0,0
2703100948006840,74.16,0.0,0.0,0,3.0,3.0,0.0,1.0,1.0,0.0,0.0,4.0,3.0,0.0,1
2703100947905839,65.07,1.0,0.0,0,3.0,3.0,0.0,4.0,1.0,0.0,0.0,2.0,2.0,1.0,2
1600300067901645,52.63,1.0,0.0,0,2.0,3.0,2.0,4.0,1.0,0.0,0.0,2.0,2.0,1.0,2
2601200238001423,72.25,0.0,0.0,0,0.0,0.0,0.0,0.0,0.0,0.0,0.0,4.0,0.0,0.0,1
2703100948006925,61.72,1.0,0.0,0,3.0,3.0,0.0,4.0,1.0,0.0,0.0,2.0,2.0,1.0,2
2703106448001705,46.89,1.0,0.0,0,3.0,3.0,0.0,3.0,1.0,0.0,0.0,2.0,2.0,1.0,2
2703100948007034,53.11,0.0,0.0,0,3.0,3.0,0.0,1.0,1.0,3.0,0.0,4.0,3.0,0.0,1
2703100947805062,77.03,1.0,0.0,0,3.0,3.0,0.0,4.0,1.0,0.0,0.0,2.0,2.0,1.0,2
2600200077501218,64.59,2.0,0.0,0,3.0,1.0,2.0,1.0,1.0,0.0,0.0,4.0,3.0,0.0,0
3801100328009819,70.33,1.0,0.0,0,2.0,2.0,2.0,2.0,1.0,0.0,0.0,4.0,3.0,0.0,0
1704801137901608,69.38,0.0,0.0,0,3.0,3.0,0.0,1.0,2.0,0.0,0.0,4.0,3.0,0.0,1
2703100947704614,77.99,1.0,0.0,0,3.0,3.0,0.0,2.0,1.0,0.0,0.0,4.0,3.0,0.0,0
3300900158000042,60.77,0.0,0.0,0,3.0,3.0,0.0,1.0,2.0,0.0,0.0,4.0,3.0,0.0,1
2703105558100136,74.16,0.0,0.0,0,3.0,3.0,0.0,1.0,2.0,0.0,0.0,4.0,3.0,0.0,1
1701700078001775,73.21,3.0,0.0,0,1.0,0.0,3.0,1.0,0.0,0.0,0.0,4.0,0.0,0.0,0
2002500648000433,75.6,2.0,0.0,0,2.0,1.0,2.0,1.0,2.0,0.0,0.0,4.0,3.0,0.0,0
2703100948200385,65.07,3.0,0.0,0,2.0,1.0,1.0,1.0,2.0,0.0,1.0,4.0,3.0,0.0,0
1904000207700993,68.42,1.0,0.0,0,3.0,1.0,0.0,2.0,1.0,0.0,0.0,4.0,3.0,0.0,0
2703106448001542,76.08,3.0,0.0,0,1.0,0.0,3.0,2.0,3.0,3.0,2.0,4.0,3.0,0.0,0
1600300067300131,48.33,2.0,0.0,0,3.0,1.0,2.0,1.0,1.0,0.0,0.0,4.0,3.0,0.0,0
7200900207600943,77.03,2.0,0.0,0,2.0,1.0,2.0,1.0,2.0,0.0,0.0,4.0,3.0,0.0,0
1305500017800706,75.6,0.0,0.0,0,3.0,3.0,0.0,1.0,2.0,0.0,0.0,4.0,3.0,0.0,1
2703100948007022,65.07,0.0,0.0,0,0.0,0.0,0.0,0.0,0.0,0.0,0.0,4.0,0.0,0.0,1
1609000077503661,77.51,3.0,0.0,1,2.0,1.0,1.0,1.0,2.0,0.0,1.0,5.0,3.0,0.0,0
2703100948200255,71.29,1.0,0.0,1,3.0,2.0,2.0,1.0,1.0,0.0,0.0,4.0,3.0,1.0,0
2703100948006957,73.21,0.0,0.0,0,3.0,3.0,0.0,4.0,1.0,0.0,0.0,4.0,3.0,0.0,1
2703100947805516,73.21,1.0,0.0,0,3.0,3.0,0.0,4.0,1.0,0.0,0.0,2.0,2.0,1.0,2
2703100947905770,76.56,0.0,0.0,0,2.0,3.0,0.0,1.0,1.0,3.0,0.0,4.0,3.0,0.0,1
2703100948006838,77.99,1.0,0.0,0,3.0,3.0,0.0,2.0,1.0,0.0,0.0,4.0,3.0,0.0,0
2703100948200297,75.6,1.0,0.0,0,3.0,3.0,3.0,2.0,1.0,0.0,0.0,4.0,3.0,1.0,0
2703102908002104,43.54,0.0,0.0,1,3.0,3.0,0.0,1.0,2.0,0.0,0.0,4.0,3.0,0.0,1
7101200118000451,48.8,0.0,0.0,0,3.0,3.0,2.0,2.0,1.0,0.0,0.0,4.0,3.0,0.0,0
1901000237400851,76.56,3.0,0.0,1,0.0,0.0,4.0,1.0,2.0,3.0,2.0,4.0,3.0,0.0,0
2702200457800559,75.6,3.0,4.0,0,1.0,1.0,4.0,2.0,2.0,3.0,2.0,4.0,3.0,0.0,0
4601300128200102,77.51,1.0,0.0,0,3.0,2.0,2.0,1.0,1.0,0.0,0.0,4.0,3.0,0.0,0
2601200468100121,80.86,3.0,0.0,0,1.0,2.0,3.0,1.0,0.0,0.0,0.0,4.0,0.0,0.0,0
2703100948200232,75.6,0.0,0.0,0,3.0,3.0,0.0,1.0,2.0,0.0,0.0,4.0,3.0,0.0,1
2703100948100151,81.34,3.0,0.0,0,1.0,0.0,3.0,1.0,1.0,0.0,1.0,4.0,3.0,0.0,0
2002500628000115,77.99,0.0,0.0,0,2.0,3.0,0.0,4.0,1.0,0.0,0.0,4.0,3.0,0.0,1
2703100947905803,60.77,0.0,0.0,0,3.0,3.0,0.0,1.0,2.0,0.0,0.0,4.0,3.0,1.0,1
2703100948007325,56.46,2.0,0.0,0,3.0,1.0,2.0,1.0,1.0,0.0,0.0,4.0,3.0,0.0,0
2703100948006897,77.51,1.0,0.0,0,3.0,3.0,0.0,4.0,1.0,0.0,0.0,2.0,2.0,1.0,2
2703100948200159,43.54,1.0,0.0,0,3.0,3.0,2.0,2.0,1.0,0.0,0.0,4.0,3.0,0.0,0
1609000077302622,45.45,0.0,0.0,0,2.0,3.0,0.0,1.0,1.0,0.0,0.0,4.0,3.0,0.0,1
2703100947905819,78.95,3.0,0.0,0,1.0,0.0,3.0,1.0,2.0,3.0,2.0,4.0,3.0,0.0,0
2703100948006852,78.47,3.0,0.0,0,1.0,1.0,3.0,2.0,2.0,0.0,1.0,4.0,3.0,0.0,0
7102300267802421,28.23,4.0,4.0,1,1.0,0.0,1.0,0.0,3.0,3.0,2.0,5.0,3.0,0.0,0
6900500168100066,80.38,3.0,0.0,0,0.0,2.0,3.0,1.0,0.0,0.0,0.0,4.0,0.0,0.0,0
7102400237400851,74.16,1.0,0.0,0,2.0,3.0,0.0,2.0,1.0,0.0,0.0,4.0,3.0,0.0,0
2703100948006916,49.28,1.0,0.0,0,3.0,3.0,0.0,2.0,1.0,0.0,0.0,2.0,2.0,1.0,2
2703100947906026,78.95,3.0,0.0,0,3.0,2.0,3.0,1.0,2.0,3.0,2.0,4.0,3.0,0.0,0
2703100947906077,33.97,0.0,0.0,1,3.0,3.0,0.0,1.0,2.0,0.0,0.0,4.0,3.0,0.0,1
7101000017501673,52.63,3.0,0.0,0,2.0,1.0,1.0,1.0,2.0,0.0,1.0,4.0,3.0,0.0,0
2703100948006999,44.5,0.0,0.0,0,3.0,3.0,0.0,1.0,1.0,0.0,0.0,4.0,3.0,0.0,1
2703100948200288,67.94,0.0,0.0,0,3.0,3.0,0.0,1.0,1.0,0.0,0.0,4.0,3.0,0.0,1
2703100948200412,75.6,0.0,0.0,0,3.0,3.0,0.0,1.0,2.0,0.0,0.0,4.0,3.0,0.0,1
2703100947906664,65.55,1.0,0.0,0,3.0,3.0,0.0,4.0,1.0,0.0,0.0,2.0,2.0,1.0,2
2703100947905641,63.16,1.0,0.0,0,3.0,3.0,0.0,4.0,1.0,0.0,0.0,2.0,2.0,1.0,2
2703105558100132,74.64,0.0,0.0,0,3.0,3.0,0.0,1.0,1.0,0.0,0.0,4.0,3.0,0.0,1
2703100948200383,41.63,2.0,0.0,0,3.0,3.0,0.0,4.0,1.0,0.0,0.0,2.0,2.0,1.0,2
3305200188006378,75.12,0.0,0.0,0,3.0,3.0,0.0,1.0,1.0,0.0,0.0,4.0,3.0,0.0,1
1600800028100135,73.21,3.0,0.0,0,1.0,0.0,3.0,1.0,0.0,0.0,0.0,4.0,0.0,0.0,0
2703100948006992,81.34,0.0,0.0,0,3.0,3.0,0.0,1.0,2.0,0.0,0.0,4.0,3.0,0.0,1
2703100948006914,70.33,1.0,0.0,0,3.0,3.0,0.0,4.0,1.0,0.0,0.0,2.0,2.0,1.0,2
2703100948006941,71.77,3.0,0.0,0,1.0,0.0,3.0,1.0,0.0,0.0,0.0,4.0,0.0,0.0,0
2703100948006961,62.68,1.0,0.0,0,3.0,3.0,0.0,4.0,1.0,0.0,0.0,2.0,2.0,1.0,2
2703100948006997,68.9,3.0,0.0,0,1.0,0.0,3.0,2.0,3.0,3.0,2.0,4.0,3.0,0.0,0
1600700067501355,55.02,2.0,0.0,0,3.0,3.0,4.0,4.0,1.0,0.0,0.0,2.0,1.0,1.0,2
5900700287707886,76.08,0.0,0.0,0,3.0,3.0,0.0,1.0,1.0,0.0,0.0,4.0,3.0,0.0,1
2703100947805070,52.63,0.0,0.0,0,3.0,4.0,0.0,4.0,0.0,0.0,0.0,4.0,3.0,0.0,1
2703100947704582,61.24,0.0,0.0,0,3.0,3.0,0.0,1.0,1.0,0.0,0.0,4.0,3.0,0.0,1
7300200067600430,78.47,0.0,0.0,1,3.0,3.0,0.0,4.0,0.0,0.0,0.0,4.0,3.0,0.0,1
2703100948006839,75.12,0.0,0.0,0,3.0,3.0,0.0,4.0,1.0,0.0,0.0,4.0,3.0,0.0,1
7104200087501239,67.94,1.0,0.0,0,3.0,3.0,0.0,4.0,1.0,0.0,0.0,2.0,2.0,1.0,2
2703100948007085,53.11,0.0,0.0,0,3.0,3.0,0.0,1.0,2.0,0.0,0.0,4.0,3.0,0.0,1
2703100948100120,78.95,0.0,0.0,0,3.0,3.0,0.0,1.0,2.0,0.0,0.0,4.0,3.0,0.0,1
2703100948007319,66.51,1.0,0.0,0,3.0,3.0,0.0,4.0,1.0,0.0,0.0,2.0,2.0,1.0,2
2703100948200332,67.46,0.0,0.0,0,3.0,3.0,0.0,2.0,1.0,0.0,0.0,4.0,3.0,0.0,0
2703100948006889,75.12,0.0,0.0,0,3.0,3.0,0.0,4.0,1.0,0.0,0.0,4.0,3.0,0.0,1
2703100948100126,74.16,2.0,0.0,0,2.0,1.0,2.0,1.0,2.0,0.0,0.0,4.0,3.0,0.0,0
2703100948006936,77.51,2.0,0.0,0,3.0,1.0,2.0,1.0,1.0,0.0,0.0,4.0,3.0,0.0,0
2703100628000967,53.11,1.0,0.0,1,3.0,3.0,1.0,4.0,2.0,0.0,0.0,2.0,2.0,1.0,2
2703100948100174,54.07,1.0,0.0,0,3.0,3.0,0.0,2.0,1.0,0.0,0.0,4.0,3.0,0.0,0
2703100947402041,79.9,0.0,0.0,0,3.0,3.0,0.0,4.0,1.0,0.0,0.0,4.0,3.0,0.0,1
2703100948006956,77.51,0.0,0.0,0,3.0,3.0,0.0,1.0,2.0,0.0,0.0,4.0,3.0,0.0,1
2703100948100127,65.07,0.0,0.0,0,3.0,3.0,0.0,1.0,1.0,3.0,0.0,4.0,3.0,0.0,1
2703101597902111,79.43,0.0,0.0,0,3.0,3.0,0.0,1.0,1.0,0.0,0.0,4.0,3.0,0.0,1
2703100948200271,73.21,1.0,0.0,0,3.0,2.0,2.0,1.0,1.0,0.0,0.0,4.0,3.0,0.0,0
2703100948006989,57.89,1.0,0.0,0,3.0,3.0,0.0,4.0,1.0,0.0,0.0,2.0,2.0,1.0,2
2703100948200160,77.99,3.0,0.0,0,1.0,2.0,3.0,1.0,2.0,3.0,0.0,4.0,3.0,0.0,0
2703100947905815,77.99,1.0,0.0,0,2.0,1.0,0.0,2.0,1.0,0.0,0.0,4.0,3.0,0.0,0
1704800058002534,71.29,3.0,0.0,0,1.0,0.0,3.0,1.0,0.0,0.0,0.0,4.0,0.0,0.0,0
2703100948100160,61.24,0.0,0.0,0,3.0,3.0,0.0,1.0,1.0,0.0,0.0,4.0,3.0,0.0,1
2703100948200326,69.38,1.0,0.0,0,3.0,2.0,2.0,2.0,1.0,0.0,0.0,4.0,3.0,0.0,0
2703100948200221,26.32,0.0,0.0,0,3.0,3.0,0.0,4.0,1.0,0.0,0.0,4.0,3.0,0.0,1
2703100948100176,67.94,2.0,0.0,0,3.0,1.0,2.0,1.0,1.0,0.0,0.0,4.0,3.0,0.0,0
2703100948007029,70.81,1.0,0.0,0,3.0,3.0,0.0,4.0,1.0,0.0,0.0,2.0,2.0,1.0,2
1906400377500797,60.77,0.0,0.0,0,2.0,3.0,0.0,4.0,1.0,0.0,0.0,4.0,3.0,0.0,1
1401100068002610,74.64,1.0,0.0,0,3.0,3.0,0.0,4.0,1.0,0.0,0.0,2.0,2.0,1.0,2
2703100947905804,65.55,0.0,0.0,1,3.0,3.0,0.0,1.0,1.0,0.0,0.0,4.0,3.0,0.0,1
2703100948200422,64.59,0.0,0.0,0,3.0,3.0,3.0,1.0,2.0,0.0,0.0,4.0,3.0,0.0,1
2703100947905812,74.16,0.0,0.0,0,3.0,3.0,0.0,1.0,1.0,0.0,0.0,4.0,3.0,1.0,1
2703100948200324,75.12,0.0,0.0,0,3.0,3.0,0.0,1.0,1.0,0.0,0.0,4.0,3.0,0.0,1
2703100948200345,80.86,3.0,0.0,0,3.0,1.0,3.0,2.0,1.0,3.0,2.0,4.0,3.0,0.0,0
3204100088000001,64.59,0.0,0.0,0,3.0,3.0,0.0,4.0,1.0,0.0,0.0,4.0,3.0,0.0,1
2703100948100136,66.03,0.0,0.0,0,3.0,3.0,0.0,2.0,1.0,0.0,0.0,4.0,3.0,0.0,0
2703100948006884,74.16,0.0,0.0,0,3.0,1.0,0.0,2.0,1.0,0.0,0.0,4.0,3.0,0.0,0
2703108677800478,46.89,1.0,0.0,0,3.0,4.0,0.0,4.0,1.0,0.0,0.0,2.0,2.0,1.0,2
1803400158001587,43.06,3.0,0.0,0,2.0,1.0,1.0,1.0,2.0,0.0,1.0,4.0,3.0,0.0,0
1606300178001538,75.12,1.0,0.0,1,3.0,3.0,0.0,2.0,1.0,0.0,0.0,4.0,3.0,0.0,0
2703100948200543,74.16,0.0,0.0,0,3.0,3.0,0.0,4.0,1.0,0.0,0.0,4.0,3.0,0.0,1
2703100948200248,15.31,0.0,0.0,0,0.0,4.0,0.0,4.0,0.0,0.0,0.0,4.0,0.0,0.0,2
2703100747900273,50.72,0.0,0.0,0,3.0,3.0,0.0,1.0,2.0,0.0,0.0,4.0,3.0,0.0,1
2703100947905793,77.03,1.0,0.0,0,3.0,3.0,0.0,4.0,1.0,0.0,0.0,2.0,2.0,1.0,2
2703104018100373,64.11,3.0,0.0,1,2.0,1.0,1.0,1.0,2.0,0.0,1.0,4.0,3.0,0.0,0
2703100797901685,66.03,2.0,0.0,0,2.0,1.0,2.0,1.0,1.0,0.0,0.0,4.0,3.0,0.0,0
2703100948200148,80.38,3.0,0.0,0,1.0,2.0,3.0,0.0,1.0,3.0,2.0,4.0,3.0,0.0,0
2703100948006907,78.95,3.0,0.0,0,1.0,1.0,3.0,3.0,2.0,3.0,2.0,4.0,3.0,0.0,0
5902900177901579,72.73,0.0,0.0,0,3.0,3.0,0.0,1.0,2.0,0.0,0.0,4.0,3.0,0.0,1
2703100947603721,76.08,0.0,0.0,0,3.0,3.0,0.0,1.0,1.0,3.0,0.0,4.0,3.0,0.0,1
2703100948200335,64.11,1.0,0.0,0,3.0,3.0,0.0,4.0,1.0,0.0,0.0,2.0,2.0,1.0,2
2703100947905624,53.59,1.0,0.0,0,3.0,3.0,2.0,4.0,1.0,0.0,0.0,2.0,2.0,1.0,2
2703100948200386,71.29,0.0,0.0,1,3.0,3.0,0.0,2.0,1.0,0.0,0.0,4.0,3.0,0.0,0
2703100947805533,72.73,0.0,0.0,0,3.0,3.0,0.0,4.0,1.0,0.0,0.0,4.0,3.0,0.0,1
2703100947805512,79.43,3.0,0.0,0,3.0,2.0,3.0,2.0,2.0,3.0,2.0,4.0,3.0,0.0,0
2703100947906031,65.07,1.0,0.0,0,3.0,3.0,0.0,4.0,1.0,0.0,0.0,2.0,2.0,1.0,2
2703100948006958,57.89,0.0,0.0,0,0.0,0.0,0.0,0.0,0.0,0.0,0.0,4.0,0.0,0.0,1
2703100947905841,74.16,0.0,0.0,0,2.0,3.0,0.0,1.0,2.0,0.0,0.0,4.0,3.0,0.0,1
6904500037500620,60.77,0.0,0.0,0,3.0,3.0,0.0,1.0,1.0,0.0,0.0,4.0,3.0,0.0,0
2703106017900731,77.51,1.0,0.0,0,3.0,3.0,0.0,2.0,1.0,0.0,0.0,4.0,3.0,0.0,0
2703100948100170,70.33,0.0,0.0,0,2.0,3.0,0.0,2.0,1.0,0.0,0.0,4.0,3.0,0.0,0
1503900127500060,59.81,0.0,0.0,0,2.0,3.0,0.0,1.0,1.0,0.0,0.0,4.0,3.0,0.0,1
1609000077101457,76.56,3.0,4.0,0,1.0,0.0,3.0,1.0,0.0,0.0,0.0,4.0,0.0,0.0,0
2703106868001771,65.55,1.0,0.0,1,3.0,3.0,0.0,2.0,1.0,0.0,0.0,4.0,3.0,0.0,0
2703100947905771,76.08,2.0,0.0,1,1.0,1.0,2.0,2.0,2.0,3.0,2.0,4.0,3.0,0.0,0
2504200058001012,63.16,0.0,0.0,0,3.0,3.0,0.0,1.0,1.0,0.0,0.0,4.0,3.0,0.0,1
2703100947905763,66.99,0.0,0.0,1,3.0,4.0,0.0,4.0,1.0,0.0,0.0,4.0,3.0,0.0,1
1602400197300005,78.47,3.0,0.0,1,2.0,2.0,2.0,2.0,1.0,3.0,2.0,4.0,2.0,0.0,0
2703100947905636,59.33,1.0,0.0,0,2.0,3.0,0.0,2.0,1.0,0.0,0.0,2.0,2.0,1.0,2
900500077200272,58.85,0.0,0.0,0,0.0,0.0,0.0,0.0,0.0,0.0,0.0,4.0,0.0,0.0,1
103200067600005,73.68,0.0,0.0,0,3.0,3.0,0.0,1.0,2.0,0.0,0.0,4.0,3.0,0.0,1
2703100948100133,65.55,0.0,0.0,0,3.0,3.0,0.0,1.0,2.0,0.0,0.0,4.0,3.0,0.0,1
2703100948200216,70.81,1.0,0.0,0,3.0,3.0,0.0,4.0,1.0,0.0,0.0,2.0,2.0,1.0,2
2703100948007003,61.24,0.0,0.0,0,3.0,3.0,0.0,1.0,1.0,3.0,0.0,4.0,3.0,0.0,1
2703100948200351,72.25,1.0,0.0,1,3.0,2.0,2.0,2.0,1.0,0.0,0.0,4.0,3.0,0.0,0
2703100948200266,28.23,0.0,0.0,0,0.0,4.0,0.0,4.0,1.0,0.0,0.0,2.0,3.0,1.0,2
1905500147801224,44.02,1.0,0.0,0,3.0,3.0,0.0,4.0,1.0,0.0,0.0,2.0,2.0,1.0,2
2703100948006993,74.16,0.0,0.0,0,3.0,3.0,0.0,4.0,1.0,0.0,0.0,4.0,3.0,0.0,1
2703100948200398,74.64,1.0,0.0,0,3.0,3.0,0.0,4.0,1.0,0.0,0.0,2.0,2.0,1.0,2
2703100947905844,75.6,1.0,0.0,0,3.0,2.0,2.0,2.0,1.0,0.0,0.0,4.0,3.0,0.0,0
1803400307300052,77.03,2.0,0.0,0,1.0,0.0,3.0,1.0,2.0,0.0,0.0,4.0,3.0,0.0,0
2703100948200290,54.55,0.0,0.0,0,3.0,3.0,0.0,1.0,1.0,0.0,0.0,4.0,3.0,0.0,1
2703100947905869,73.68,1.0,0.0,0,3.0,3.0,0.0,4.0,1.0,0.0,0.0,2.0,2.0,1.0,2
2703103498000647,75.6,1.0,0.0,0,3.0,3.0,0.0,2.0,1.0,0.0,0.0,4.0,3.0,0.0,0
2703100948200260,63.16,4.0,4.0,1,1.0,0.0,1.0,0.0,3.0,3.0,2.0,5.0,3.0,0.0,0
2703100948006856,71.77,0.0,0.0,0,3.0,3.0,0.0,1.0,1.0,0.0,0.0,4.0,3.0,0.0,0
2703100947603723,62.2,1.0,0.0,0,3.0,3.0,0.0,4.0,1.0,0.0,0.0,2.0,2.0,1.0,2
2703100947905788,59.33,0.0,0.0,0,3.0,3.0,0.0,4.0,1.0,0.0,0.0,4.0,3.0,0.0,1
2502701178000154,72.73,0.0,0.0,0,3.0,3.0,3.0,1.0,1.0,3.0,0.0,4.0,3.0,0.0,1
2703105558100129,77.99,0.0,0.0,0,2.0,3.0,0.0,1.0,1.0,0.0,0.0,4.0,3.0,0.0,0
1906800017901503,47.85,0.0,0.0,0,2.0,3.0,0.0,2.0,1.0,0.0,0.0,4.0,3.0,1.0,0
2703100948006858,54.55,0.0,0.0,0,3.0,4.0,0.0,4.0,1.0,0.0,0.0,4.0,3.0,0.0,1
2703100947905828,79.43,0.0,0.0,1,3.0,3.0,0.0,1.0,1.0,0.0,0.0,4.0,3.0,0.0,1
2703100948006890,76.56,0.0,0.0,0,3.0,3.0,0.0,4.0,1.0,0.0,0.0,4.0,3.0,0.0,1
2703100948200338,49.76,1.0,0.0,0,3.0,3.0,0.0,4.0,1.0,0.0,0.0,2.0,2.0,1.0,2
2703100947906671,61.72,0.0,0.0,0,3.0,4.0,0.0,4.0,0.0,0.0,0.0,4.0,3.0,0.0,1
2703100948007018,73.68,0.0,0.0,0,3.0,3.0,0.0,1.0,2.0,0.0,0.0,4.0,3.0,0.0,1
2703100948006893,55.02,0.0,0.0,0,3.0,3.0,0.0,2.0,1.0,0.0,0.0,4.0,3.0,0.0,0
2703100948200196,72.73,0.0,0.0,0,3.0,3.0,0.0,1.0,2.0,0.0,0.0,4.0,3.0,0.0,1
2703100948200283,64.59,3.0,0.0,0,2.0,1.0,1.0,1.0,2.0,0.0,1.0,4.0,3.0,0.0,0
2703108688100132,72.25,1.0,0.0,0,2.0,2.0,2.0,1.0,1.0,0.0,0.0,4.0,3.0,0.0,0
2703100247602008,67.46,0.0,0.0,0,3.0,3.0,0.0,4.0,1.0,0.0,0.0,4.0,3.0,0.0,1
2703100948100115,71.29,1.0,0.0,0,3.0,3.0,0.0,2.0,1.0,0.0,0.0,4.0,3.0,0.0,0
2703100948006980,71.29,0.0,0.0,0,3.0,3.0,0.0,4.0,0.0,0.0,0.0,4.0,3.0,0.0,1
1903400128000026,57.89,1.0,0.0,0,3.0,3.0,4.0,2.0,1.0,0.0,0.0,2.0,2.0,1.0,2
3203300168001154,73.68,1.0,0.0,0,3.0,3.0,0.0,2.0,1.0,0.0,0.0,4.0,3.0,0.0,0
2703100948007016,78.47,3.0,0.0,0,3.0,2.0,2.0,1.0,2.0,3.0,2.0,4.0,3.0,0.0,0
1806000117600440,77.03,1.0,0.0,0,3.0,3.0,0.0,2.0,1.0,0.0,0.0,4.0,3.0,0.0,0
2703100948007012,70.81,2.0,0.0,0,2.0,1.0,2.0,1.0,1.0,0.0,0.0,4.0,3.0,0.0,0
2703100948100397,74.16,0.0,0.0,1,3.0,3.0,0.0,1.0,2.0,0.0,0.0,4.0,3.0,0.0,1
1606300507601120,79.43,3.0,0.0,0,1.0,2.0,3.0,1.0,2.0,0.0,1.0,4.0,3.0,0.0,0
2504200058001038,77.51,1.0,0.0,0,3.0,2.0,0.0,2.0,1.0,0.0,0.0,4.0,3.0,0.0,0
5900700438001042,73.21,0.0,0.0,0,3.0,3.0,0.0,4.0,1.0,0.0,0.0,4.0,3.0,0.0,1
2703100947905637,65.55,1.0,0.0,0,3.0,3.0,0.0,4.0,1.0,0.0,0.0,2.0,2.0,1.0,2
2703108417900804,63.64,0.0,0.0,0,3.0,3.0,3.0,2.0,1.0,0.0,0.0,4.0,3.0,0.0,0
2703100948200418,53.59,1.0,0.0,0,3.0,3.0,0.0,4.0,2.0,0.0,0.0,2.0,2.0,1.0,2
502700048000889,0.0,0.0,0.0,0,0.0,4.0,0.0,4.0,0.0,0.0,0.0,4.0,0.0,2.0,2
2703108807900780,74.16,0.0,0.0,0,3.0,3.0,3.0,1.0,1.0,0.0,0.0,4.0,3.0,1.0,1
2703100948200327,77.51,1.0,0.0,0,3.0,3.0,0.0,2.0,1.0,0.0,0.0,4.0,3.0,0.0,0
2703100947906018,73.21,0.0,0.0,0,2.0,3.0,0.0,1.0,2.0,0.0,0.0,4.0,3.0,0.0,1
2502900118000346,7.66,0.0,0.0,0,2.0,3.0,0.0,1.0,2.0,0.0,0.0,4.0,3.0,0.0,1
2703100948200282,70.33,0.0,0.0,0,3.0,3.0,0.0,1.0,1.0,0.0,0.0,4.0,3.0,0.0,1
2703100948200145,78.47,0.0,0.0,1,3.0,3.0,0.0,4.0,1.0,0.0,0.0,4.0,3.0,0.0,1
2703105498002591,75.6,0.0,0.0,1,3.0,3.0,3.0,1.0,2.0,0.0,0.0,4.0,3.0,0.0,1
2703100947906658,62.68,0.0,0.0,0,3.0,3.0,0.0,1.0,2.0,0.0,0.0,4.0,3.0,0.0,1
2703100948006870,64.59,0.0,0.0,0,3.0,3.0,0.0,4.0,1.0,0.0,0.0,4.0,3.0,0.0,1
2703100948100186,69.38,1.0,0.0,0,3.0,3.0,0.0,4.0,1.0,0.0,0.0,2.0,2.0,1.0,2
2703100947502947,60.29,1.0,0.0,0,3.0,3.0,0.0,4.0,1.0,0.0,0.0,2.0,2.0,1.0,2
6700400157600287,76.08,1.0,0.0,0,2.0,2.0,2.0,1.0,1.0,0.0,0.0,4.0,3.0,0.0,0
2703100947603742,68.42,0.0,0.0,0,0.0,0.0,0.0,0.0,0.0,0.0,0.0,4.0,0.0,0.0,1
6904700047200022,67.46,1.0,0.0,0,3.0,3.0,0.0,4.0,1.0,0.0,0.0,2.0,2.0,1.0,2
2703100948200307,74.64,1.0,0.0,0,3.0,2.0,2.0,2.0,1.0,0.0,0.0,4.0,3.0,0.0,0
2703100947905834,72.73,3.0,0.0,1,1.0,1.0,2.0,2.0,0.0,0.0,0.0,4.0,0.0,0.0,0
1600800027704788,72.25,2.0,0.0,0,2.0,1.0,3.0,1.0,2.0,0.0,0.0,4.0,3.0,0.0,0
2601200367900938,65.55,0.0,0.0,0,3.0,3.0,2.0,2.0,1.0,0.0,0.0,4.0,3.0,0.0,0
2703103497900560,72.25,0.0,0.0,0,3.0,3.0,0.0,1.0,1.0,0.0,0.0,4.0,3.0,0.0,1
2703100948200245,76.08,0.0,0.0,0,3.0,3.0,0.0,2.0,1.0,0.0,0.0,4.0,3.0,0.0,0
2703100947805065,54.55,1.0,0.0,0,3.0,4.0,0.0,4.0,1.0,0.0,0.0,2.0,2.0,1.0,2
1506200037700073,62.2,0.0,0.0,0,3.0,3.0,0.0,1.0,2.0,0.0,0.0,4.0,3.0,0.0,1
2703100948006990,67.46,1.0,0.0,0,3.0,3.0,0.0,4.0,1.0,0.0,0.0,2.0,2.0,1.0,2
2703100948100152,55.02,1.0,0.0,0,2.0,3.0,0.0,4.0,1.0,0.0,0.0,2.0,2.0,1.0,2
2703100948200229,71.29,0.0,0.0,0,3.0,3.0,0.0,1.0,1.0,0.0,0.0,4.0,3.0,0.0,1
2703100948200174,74.16,2.0,0.0,0,1.0,0.0,3.0,1.0,0.0,0.0,0.0,4.0,0.0,0.0,0
2703100948007312,66.99,1.0,0.0,0,3.0,2.0,0.0,2.0,1.0,0.0,0.0,4.0,3.0,0.0,0
2703100948200233,75.6,0.0,0.0,1,2.0,3.0,0.0,1.0,2.0,0.0,0.0,4.0,3.0,0.0,1
2703100947905767,80.38,0.0,0.0,1,3.0,3.0,0.0,1.0,1.0,0.0,0.0,4.0,3.0,0.0,1
2703100947905678,58.37,1.0,0.0,0,3.0,3.0,0.0,4.0,1.0,0.0,0.0,2.0,2.0,1.0,2
2703100948006880,72.73,2.0,0.0,0,3.0,1.0,2.0,1.0,1.0,0.0,0.0,4.0,3.0,0.0,0
2703100947502966,70.81,2.0,0.0,0,2.0,1.0,2.0,1.0,1.0,0.0,0.0,4.0,3.0,0.0,0
2703100948200382,70.81,0.0,0.0,0,2.0,3.0,0.0,1.0,2.0,0.0,0.0,4.0,3.0,0.0,1
2703100947906121,65.07,0.0,0.0,0,3.0,3.0,0.0,1.0,2.0,0.0,0.0,4.0,3.0,0.0,1
2703100948200293,65.07,0.0,0.0,0,3.0,3.0,0.0,1.0,2.0,0.0,0.0,4.0,3.0,0.0,1
2703100947906042,59.33,1.0,0.0,0,3.0,2.0,0.0,2.0,1.0,0.0,0.0,4.0,3.0,0.0,0
3402001418002648,74.16,1.0,0.0,0,3.0,3.0,0.0,4.0,1.0,0.0,0.0,2.0,2.0,1.0,2
2703100947704281,60.77,0.0,0.0,0,2.0,4.0,0.0,4.0,1.0,0.0,0.0,4.0,3.0,0.0,1
2705900057700802,74.16,1.0,0.0,0,3.0,2.0,3.0,2.0,1.0,0.0,0.0,4.0,3.0,0.0,0
5203700077600864,64.11,1.0,0.0,0,3.0,3.0,0.0,4.0,1.0,0.0,0.0,2.0,2.0,1.0,2
2502701837912419,65.55,0.0,0.0,0,3.0,3.0,0.0,1.0,2.0,0.0,0.0,4.0,3.0,0.0,1
4403100098000973,75.6,0.0,0.0,0,3.0,3.0,0.0,4.0,1.0,0.0,0.0,4.0,3.0,0.0,1
2703101727100202,78.47,3.0,0.0,1,1.0,1.0,3.0,1.0,2.0,3.0,2.0,4.0,3.0,0.0,0
2703100947704267,66.51,0.0,0.0,0,3.0,3.0,0.0,4.0,0.0,0.0,0.0,4.0,3.0,0.0,1
2502700188000320,55.98,1.0,0.0,0,3.0,3.0,0.0,4.0,1.0,0.0,0.0,2.0,2.0,1.0,2
2703100947905840,73.21,0.0,0.0,0,3.0,3.0,3.0,1.0,1.0,0.0,0.0,4.0,3.0,0.0,1
2703109767901163,75.6,0.0,0.0,0,3.0,3.0,0.0,4.0,1.0,0.0,0.0,4.0,3.0,0.0,1
2703100948200337,75.12,1.0,0.0,0,3.0,2.0,2.0,2.0,1.0,0.0,0.0,4.0,3.0,0.0,0
2703100948200231,77.03,0.0,0.0,0,3.0,3.0,0.0,1.0,2.0,0.0,0.0,4.0,3.0,1.0,1
2104000078000396,73.21,0.0,0.0,0,3.0,3.0,0.0,1.0,2.0,0.0,0.0,4.0,3.0,0.0,1
6201300027700318,74.16,0.0,0.0,0,3.0,3.0,0.0,1.0,1.0,0.0,0.0,4.0,3.0,0.0,1
2703100948006971,66.99,1.0,0.0,0,3.0,3.0,0.0,4.0,1.0,0.0,0.0,2.0,2.0,1.0,2
7101001257200241,66.51,0.0,0.0,0,3.0,3.0,0.0,1.0,2.0,0.0,0.0,4.0,3.0,0.0,1
2703100947906052,77.99,0.0,0.0,0,2.0,3.0,0.0,1.0,1.0,0.0,0.0,4.0,3.0,0.0,1
2703100948100166,76.08,0.0,0.0,0,3.0,3.0,0.0,1.0,1.0,3.0,0.0,4.0,3.0,0.0,1
2703100948200372,73.68,0.0,0.0,0,3.0,3.0,0.0,4.0,1.0,0.0,0.0,4.0,3.0,0.0,1
7200700018002700,48.8,2.0,0.0,0,3.0,1.0,2.0,1.0,1.0,0.0,0.0,4.0,3.0,0.0,0
2703100798001810,74.64,0.0,0.0,0,3.0,1.0,0.0,2.0,1.0,0.0,0.0,4.0,3.0,0.0,0
2703100948200365,33.01,1.0,0.0,0,3.0,3.0,0.0,2.0,0.0,0.0,0.0,2.0,4.0,1.0,2
901300037500159,41.63,0.0,0.0,0,3.0,3.0,0.0,4.0,1.0,0.0,0.0,4.0,3.0,0.0,1
7100100397901652,69.86,3.0,0.0,0,2.0,1.0,3.0,1.0,2.0,0.0,1.0,4.0,3.0,0.0,0
2503700128002096,74.64,0.0,0.0,0,3.0,3.0,0.0,2.0,1.0,0.0,0.0,4.0,3.0,0.0,0
2703101338001879,69.38,4.0,4.0,0,1.0,0.0,1.0,0.0,3.0,3.0,1.0,5.0,3.0,0.0,0
2703105537502270,60.77,0.0,0.0,0,3.0,3.0,2.0,2.0,1.0,0.0,0.0,4.0,3.0,0.0,0
2703100948200399,79.43,0.0,0.0,0,3.0,3.0,0.0,1.0,2.0,0.0,0.0,4.0,3.0,0.0,1
2703100947805505,66.03,1.0,0.0,0,3.0,2.0,2.0,1.0,1.0,0.0,0.0,4.0,3.0,0.0,0
2703100948006898,76.56,0.0,0.0,0,3.0,3.0,0.0,1.0,2.0,0.0,0.0,4.0,3.0,0.0,1
2703100947603780,75.12,2.0,0.0,0,3.0,1.0,2.0,1.0,1.0,0.0,0.0,4.0,3.0,0.0,0
2703100948006848,47.37,0.0,0.0,0,3.0,3.0,0.0,1.0,2.0,0.0,0.0,4.0,3.0,0.0,1
2703100948006919,72.25,1.0,0.0,0,3.0,3.0,0.0,4.0,1.0,0.0,0.0,2.0,2.0,1.0,2
1101700028000287,74.16,0.0,0.0,0,3.0,3.0,0.0,4.0,1.0,0.0,0.0,4.0,3.0,0.0,1
2703100947805066,67.94,0.0,0.0,0,3.0,3.0,0.0,1.0,1.0,0.0,0.0,4.0,3.0,0.0,1
2502300067903036,65.07,0.0,0.0,0,3.0,3.0,0.0,1.0,1.0,0.0,0.0,4.0,3.0,0.0,1
2703100948007309,77.03,0.0,0.0,0,3.0,4.0,0.0,4.0,0.0,0.0,0.0,4.0,3.0,0.0,1
2703100948200359,76.56,1.0,0.0,0,3.0,3.0,0.0,4.0,1.0,0.0,0.0,2.0,2.0,1.0,2
2703105437301354,70.33,3.0,0.0,1,1.0,1.0,2.0,2.0,0.0,0.0,0.0,4.0,0.0,0.0,0
2703100948100221,53.59,1.0,0.0,0,3.0,3.0,0.0,4.0,1.0,0.0,0.0,2.0,2.0,1.0,2
2703100947906038,72.25,2.0,0.0,0,3.0,1.0,2.0,1.0,1.0,0.0,0.0,4.0,3.0,0.0,0
2703100948200305,34.45,1.0,0.0,0,0.0,4.0,0.0,4.0,0.0,0.0,0.0,4.0,3.0,1.0,2
3201900197700168,76.56,1.0,0.0,0,3.0,3.0,0.0,4.0,1.0,0.0,0.0,2.0,2.0,1.0,2
2703100948006831,74.16,0.0,0.0,0,3.0,3.0,0.0,2.0,1.0,0.0,0.0,4.0,3.0,0.0,0
901300318100009,72.25,0.0,0.0,0,3.0,3.0,0.0,1.0,2.0,0.0,0.0,4.0,3.0,0.0,1
1400700188000435,39.71,1.0,0.0,0,3.0,3.0,0.0,4.0,1.0,0.0,0.0,2.0,4.0,1.0,2
2703100947905776,73.21,0.0,0.0,0,3.0,3.0,0.0,1.0,2.0,0.0,0.0,4.0,3.0,0.0,1
2703100947502806,78.95,3.0,0.0,0,1.0,2.0,3.0,0.0,1.0,3.0,2.0,4.0,2.0,0.0,0
2703100948200189,50.24,0.0,0.0,0,3.0,3.0,0.0,1.0,1.0,0.0,0.0,4.0,3.0,0.0,0
2703100948006981,74.16,1.0,0.0,1,3.0,3.0,0.0,2.0,1.0,0.0,0.0,4.0,3.0,0.0,0
2703100947805077,68.42,1.0,0.0,0,3.0,3.0,0.0,4.0,1.0,0.0,0.0,2.0,2.0,1.0,2
7101200228001012,74.16,2.0,0.0,0,3.0,1.0,2.0,1.0,1.0,0.0,0.0,4.0,3.0,0.0,0
5900700747900617,48.8,0.0,0.0,0,3.0,3.0,3.0,2.0,1.0,0.0,0.0,4.0,3.0,0.0,0
2703100947905671,68.9,0.0,0.0,0,3.0,3.0,0.0,1.0,1.0,0.0,0.0,4.0,3.0,0.0,1
2703100947704600,76.08,1.0,0.0,0,3.0,3.0,0.0,4.0,1.0,0.0,0.0,2.0,2.0,1.0,2
2703100948200315,28.23,1.0,0.0,0,3.0,3.0,0.0,2.0,1.0,0.0,0.0,4.0,3.0,0.0,0
2703100947502929,55.98,0.0,0.0,0,3.0,3.0,0.0,1.0,2.0,0.0,0.0,4.0,3.0,0.0,1
1610100077300101,64.59,1.0,0.0,0,2.0,1.0,2.0,1.0,1.0,0.0,0.0,4.0,3.0,0.0,0
2703100948200296,79.43,3.0,0.0,0,1.0,2.0,3.0,1.0,2.0,3.0,2.0,4.0,3.0,0.0,0
2703100948200234,75.6,0.0,0.0,0,3.0,3.0,0.0,1.0,2.0,0.0,0.0,4.0,3.0,0.0,1
2703100947906027,73.68,0.0,0.0,0,3.0,3.0,0.0,4.0,1.0,0.0,0.0,4.0,3.0,0.0,1
2703100948007004,66.51,1.0,0.0,0,3.0,3.0,0.0,4.0,1.0,0.0,0.0,2.0,2.0,1.0,2
2703100947805048,65.55,1.0,0.0,0,3.0,3.0,0.0,4.0,1.0,0.0,0.0,2.0,2.0,1.0,2
2703105558100110,76.56,1.0,0.0,0,3.0,3.0,0.0,4.0,1.0,0.0,0.0,2.0,2.0,1.0,2
7300600027901304,75.12,1.0,0.0,0,3.0,3.0,0.0,4.0,1.0,0.0,0.0,2.0,2.0,1.0,2
1909300017901168,78.95,0.0,0.0,0,3.0,3.0,0.0,1.0,2.0,0.0,0.0,4.0,3.0,0.0,1
2703100948200168,77.03,1.0,0.0,0,3.0,2.0,2.0,2.0,1.0,0.0,0.0,4.0,3.0,0.0,0
2703105437902619,77.99,0.0,0.0,0,3.0,3.0,0.0,1.0,2.0,0.0,0.0,4.0,3.0,0.0,1
2703100948200152,76.56,2.0,0.0,0,3.0,1.0,2.0,1.0,1.0,0.0,0.0,4.0,3.0,0.0,0
2703100947905853,55.02,1.0,0.0,0,3.0,3.0,0.0,4.0,2.0,0.0,0.0,2.0,2.0,1.0,2
1704800458004855,70.33,2.0,4.0,0,1.0,0.0,3.0,1.0,0.0,0.0,0.0,4.0,0.0,0.0,0
2703109638004490,74.16,1.0,0.0,0,3.0,3.0,0.0,4.0,1.0,0.0,0.0,2.0,2.0,1.0,2
2703100948200146,79.43,0.0,0.0,0,3.0,3.0,0.0,4.0,1.0,0.0,0.0,4.0,3.0,0.0,1
2703103497900587,78.95,3.0,0.0,0,0.0,2.0,3.0,2.0,2.0,3.0,2.0,4.0,3.0,0.0,0
2502700377900765,77.03,1.0,0.0,0,3.0,2.0,2.0,2.0,1.0,0.0,0.0,4.0,3.0,0.0,0
2703100947704599,68.42,0.0,0.0,1,3.0,3.0,0.0,1.0,2.0,0.0,0.0,4.0,3.0,0.0,1
2703100947905611,98.5,4.0,4.0,0,0.0,0.0,4.0,1.0,2.0,3.0,1.0,4.0,3.0,0.0,0
2703100948006828,74.16,0.0,0.0,0,3.0,3.0,0.0,1.0,2.0,0.0,0.0,4.0,3.0,0.0,1
2703100948007001,64.59,1.0,0.0,0,3.0,3.0,0.0,4.0,1.0,0.0,0.0,2.0,2.0,1.0,2
2703102557800703,68.9,1.0,0.0,0,3.0,2.0,2.0,1.0,1.0,0.0,0.0,4.0,3.0,0.0,0
2703107017600262,55.02,1.0,0.0,0,3.0,3.0,0.0,4.0,1.0,0.0,0.0,2.0,2.0,1.0,2
2703100948100178,57.42,3.0,0.0,1,1.0,1.0,2.0,2.0,0.0,0.0,0.0,4.0,0.0,0.0,0
2703100948200253,79.43,3.0,0.0,1,1.0,1.0,2.0,2.0,1.0,3.0,2.0,4.0,3.0,0.0,0
2703100947805530,70.81,1.0,0.0,0,3.0,3.0,0.0,2.0,1.0,0.0,0.0,4.0,3.0,0.0,0
2703102027902244,44.5,3.0,0.0,1,0.0,2.0,4.0,1.0,2.0,3.0,2.0,4.0,3.0,0.0,0
7101000727400605,53.59,2.0,0.0,0,3.0,3.0,0.0,4.0,1.0,0.0,0.0,2.0,2.0,1.0,2
2703100127801178,68.42,1.0,0.0,0,3.0,3.0,0.0,4.0,1.0,0.0,0.0,2.0,2.0,1.0,2
2703100947905836,72.73,1.0,0.0,0,3.0,2.0,3.0,1.0,1.0,0.0,0.0,4.0,3.0,0.0,0
2703100947603697,76.08,0.0,0.0,0,3.0,3.0,0.0,1.0,2.0,0.0,0.0,4.0,3.0,0.0,1
2703106797700533,70.81,1.0,0.0,0,3.0,2.0,2.0,2.0,1.0,0.0,0.0,4.0,3.0,0.0,0
2703100947906654,64.11,1.0,0.0,0,3.0,3.0,0.0,4.0,1.0,0.0,0.0,2.0,2.0,1.0,2
2703100947906639,80.38,3.0,0.0,0,1.0,0.0,3.0,1.0,0.0,0.0,0.0,4.0,0.0,0.0,0
2703100948200414,77.99,3.0,0.0,0,2.0,1.0,3.0,1.0,2.0,0.0,1.0,4.0,3.0,0.0,0
2703100948100129,71.77,2.0,0.0,1,2.0,1.0,2.0,1.0,1.0,0.0,0.0,4.0,3.0,0.0,0
2703100948200401,67.46,1.0,0.0,0,3.0,3.0,0.0,4.0,1.0,0.0,0.0,2.0,2.0,1.0,2
2703100948200220,69.38,0.0,0.0,1,3.0,4.0,0.0,4.0,0.0,0.0,0.0,4.0,3.0,0.0,1
1906400427902576,71.29,3.0,4.0,0,1.0,0.0,3.0,1.0,2.0,3.0,0.0,4.0,3.0,0.0,0
2703100947905786,52.63,0.0,0.0,0,3.0,3.0,0.0,2.0,1.0,0.0,0.0,4.0,3.0,0.0,0
2703100947905593,71.77,0.0,0.0,0,3.0,3.0,0.0,1.0,2.0,0.0,0.0,4.0,3.0,0.0,1
2703106447901274,70.81,2.0,0.0,0,3.0,1.0,2.0,1.0,1.0,0.0,0.0,4.0,3.0,0.0,0
2703100948006915,73.21,0.0,0.0,0,3.0,4.0,0.0,4.0,1.0,0.0,0.0,4.0,3.0,0.0,1
2703100948006933,74.64,0.0,0.0,0,3.0,3.0,0.0,1.0,1.0,3.0,0.0,4.0,3.0,0.0,1
2703100948007010,76.56,1.0,0.0,0,2.0,2.0,2.0,2.0,1.0,0.0,0.0,4.0,3.0,0.0,0
2703100948006862,72.25,0.0,0.0,0,3.0,3.0,0.0,1.0,2.0,0.0,0.0,4.0,3.0,0.0,1
2703106017500409,81.82,0.0,0.0,0,2.0,3.0,0.0,1.0,2.0,0.0,0.0,4.0,3.0,0.0,1
2703100947805528,80.38,3.0,0.0,0,1.0,2.0,3.0,1.0,2.0,3.0,2.0,4.0,2.0,0.0,0
2703000327600435,78.47,3.0,0.0,0,1.0,2.0,3.0,2.0,1.0,3.0,3.0,4.0,3.0,0.0,0
2703100948006968,49.76,1.0,0.0,0,3.0,3.0,0.0,4.0,1.0,0.0,0.0,2.0,2.0,1.0,2
2703100947905799,73.68,0.0,0.0,0,3.0,3.0,0.0,1.0,2.0,0.0,0.0,4.0,3.0,0.0,1
2703100948200392,73.68,0.0,0.0,0,3.0,3.0,0.0,1.0,1.0,0.0,0.0,4.0,3.0,0.0,1
2703106017600492,73.68,1.0,0.0,0,3.0,2.0,2.0,2.0,1.0,0.0,0.0,4.0,3.0,0.0,0
2703100948200360,73.68,2.0,0.0,0,3.0,1.0,2.0,1.0,1.0,0.0,0.0,4.0,3.0,0.0,0
2703100947805514,77.51,1.0,0.0,0,3.0,3.0,0.0,2.0,1.0,0.0,0.0,4.0,3.0,0.0,0
2703100947805090,76.08,1.0,0.0,0,3.0,2.0,2.0,2.0,1.0,0.0,0.0,4.0,3.0,0.0,0
3700700087601129,78.47,0.0,0.0,0,3.0,3.0,0.0,1.0,1.0,0.0,0.0,4.0,3.0,0.0,1
2703100947402069,60.77,0.0,0.0,0,3.0,3.0,0.0,4.0,1.0,0.0,0.0,4.0,3.0,0.0,1
7101001307200227,74.16,3.0,0.0,1,0.0,0.0,4.0,2.0,3.0,3.0,2.0,4.0,3.0,0.0,0
2703100948006815,68.9,0.0,0.0,0,3.0,3.0,0.0,1.0,1.0,0.0,0.0,4.0,3.0,0.0,1
2703100948200314,79.9,3.0,0.0,0,1.0,2.0,3.0,1.0,2.0,3.0,2.0,4.0,3.0,0.0,0
2703100948200355,73.21,0.0,0.0,0,3.0,3.0,0.0,1.0,2.0,0.0,0.0,4.0,3.0,0.0,1
2703100948100139,75.12,0.0,0.0,0,2.0,3.0,0.0,4.0,1.0,0.0,0.0,4.0,3.0,0.0,1
3203200137901109,76.08,0.0,0.0,0,3.0,3.0,0.0,2.0,1.0,0.0,0.0,4.0,3.0,0.0,0
2703101727400405,0.0,0.0,0.0,0,3.0,3.0,0.0,1.0,1.0,0.0,0.0,4.0,3.0,0.0,0
2703100947905646,72.73,3.0,0.0,0,2.0,1.0,1.0,1.0,2.0,0.0,1.0,4.0,3.0,0.0,0
2700700027900444,52.15,2.0,0.0,0,2.0,3.0,0.0,4.0,2.0,0.0,0.0,2.0,2.0,1.0,2
2703100947704630,72.73,0.0,0.0,0,3.0,3.0,0.0,1.0,1.0,0.0,0.0,4.0,3.0,0.0,1
2703106457901739,66.03,3.0,0.0,0,1.0,0.0,3.0,1.0,0.0,0.0,0.0,4.0,0.0,0.0,0
3201900197700092,47.37,4.0,4.0,0,1.0,0.0,1.0,0.0,3.0,3.0,2.0,5.0,3.0,0.0,0
2703100947905807,75.12,0.0,0.0,0,3.0,3.0,0.0,1.0,2.0,0.0,0.0,4.0,3.0,0.0,1
2703101597902116,77.03,0.0,0.0,0,3.0,3.0,0.0,1.0,2.0,0.0,0.0,4.0,3.0,0.0,1
2703107017600269,65.55,1.0,0.0,0,3.0,2.0,2.0,1.0,1.0,0.0,0.0,4.0,3.0,0.0,0
2204400058000643,57.42,2.0,0.0,0,3.0,3.0,0.0,4.0,1.0,0.0,0.0,2.0,2.0,1.0,2
2703106748000478,2.39,0.0,0.0,0,0.0,4.0,0.0,4.0,0.0,0.0,0.0,4.0,2.0,1.0,2
2703100947905838,76.56,2.0,0.0,0,3.0,1.0,2.0,1.0,1.0,0.0,0.0,4.0,3.0,0.0,0
2703104007900901,64.11,0.0,0.0,0,3.0,3.0,3.0,2.0,1.0,0.0,0.0,4.0,3.0,0.0,0
2703100747900271,55.98,0.0,0.0,0,3.0,1.0,0.0,1.0,1.0,0.0,0.0,4.0,3.0,0.0,0
6501800058000380,70.33,0.0,0.0,1,3.0,3.0,0.0,2.0,1.0,0.0,0.0,4.0,3.0,0.0,0
2703100948100145,67.94,0.0,0.0,0,3.0,3.0,2.0,2.0,1.0,0.0,0.0,4.0,3.0,0.0,0
2703100948200209,71.29,3.0,0.0,0,1.0,0.0,3.0,1.0,0.0,0.0,0.0,4.0,0.0,0.0,0
2703100948200409,69.86,1.0,0.0,0,3.0,3.0,0.0,4.0,1.0,0.0,0.0,2.0,2.0,1.0,2
5800700097601213,78.47,1.0,0.0,0,3.0,3.0,0.0,4.0,1.0,0.0,0.0,2.0,2.0,1.0,2
2703100947805056,66.51,0.0,0.0,0,3.0,3.0,0.0,1.0,2.0,0.0,0.0,4.0,3.0,0.0,1
2703100948006902,41.15,0.0,0.0,1,3.0,3.0,0.0,4.0,1.0,0.0,0.0,4.0,3.0,0.0,1
2703100948200285,62.68,0.0,0.0,0,3.0,3.0,0.0,2.0,1.0,0.0,0.0,4.0,3.0,0.0,0
2703106617600401,67.94,0.0,0.0,0,3.0,3.0,0.0,1.0,1.0,0.0,0.0,4.0,3.0,0.0,1
2703100948200389,80.38,3.0,0.0,0,1.0,1.0,3.0,0.0,2.0,3.0,1.0,4.0,3.0,0.0,0
2703100947805061,25.36,1.0,0.0,0,0.0,4.0,0.0,4.0,0.0,0.0,0.0,4.0,2.0,1.0,2
2703100948200215,73.68,0.0,0.0,0,3.0,3.0,0.0,1.0,2.0,0.0,0.0,4.0,3.0,0.0,1
1702100017400651,58.37,0.0,0.0,0,3.0,3.0,0.0,1.0,2.0,0.0,0.0,4.0,3.0,0.0,1
2703107017600248,63.16,0.0,0.0,0,3.0,3.0,0.0,1.0,1.0,0.0,0.0,4.0,3.0,0.0,1
2703100948006967,66.99,1.0,0.0,0,3.0,3.0,0.0,4.0,1.0,0.0,0.0,2.0,2.0,1.0,2
2703100948006964,54.55,0.0,0.0,0,3.0,3.0,0.0,1.0,2.0,0.0,0.0,4.0,3.0,0.0,1
2703100948006987,46.41,0.0,0.0,0,2.0,3.0,0.0,4.0,1.0,0.0,0.0,4.0,3.0,0.0,1
7002100027901859,72.25,3.0,4.0,1,0.0,0.0,4.0,2.0,3.0,3.0,2.0,4.0,3.0,0.0,0
7200700167500546,69.86,1.0,0.0,1,3.0,3.0,0.0,2.0,1.0,0.0,0.0,4.0,3.0,0.0,0
2703100948006974,58.37,1.0,0.0,0,3.0,3.0,0.0,2.0,1.0,0.0,0.0,4.0,3.0,0.0,0
2703100948200284,70.33,1.0,0.0,0,3.0,3.0,0.0,4.0,1.0,0.0,0.0,2.0,2.0,1.0,2
1701700077500251,57.89,0.0,0.0,0,3.0,3.0,0.0,1.0,1.0,0.0,0.0,4.0,3.0,0.0,1
2703109767901162,71.29,0.0,0.0,0,3.0,3.0,0.0,1.0,2.0,0.0,0.0,4.0,3.0,0.0,1
2703100947805502,65.07,1.0,0.0,0,3.0,3.0,0.0,2.0,1.0,0.0,0.0,4.0,3.0,0.0,0
2703100948100153,74.64,0.0,0.0,0,3.0,3.0,0.0,4.0,0.0,0.0,0.0,4.0,3.0,0.0,1
2503700128002080,60.29,1.0,0.0,0,3.0,3.0,0.0,4.0,1.0,0.0,0.0,2.0,2.0,1.0,2
2703100947906030,71.29,1.0,0.0,0,3.0,3.0,0.0,4.0,1.0,0.0,0.0,2.0,2.0,1.0,2
2703105437902558,74.64,0.0,0.0,0,3.0,3.0,3.0,1.0,1.0,0.0,0.0,4.0,3.0,0.0,1
2703100948006896,64.59,0.0,0.0,0,3.0,3.0,0.0,2.0,1.0,0.0,0.0,4.0,3.0,0.0,0
2703100947906004,68.42,0.0,0.0,0,3.0,3.0,0.0,4.0,1.0,0.0,0.0,4.0,3.0,0.0,1
2502700377800655,70.33,0.0,0.0,1,3.0,3.0,0.0,4.0,1.0,0.0,0.0,4.0,3.0,0.0,1
1704800298000406,73.68,2.0,0.0,0,3.0,1.0,2.0,1.0,1.0,0.0,0.0,4.0,3.0,0.0,0
2703100947704617,69.38,0.0,0.0,0,3.0,3.0,3.0,1.0,1.0,0.0,0.0,4.0,3.0,0.0,1
2703100947906016,76.56,0.0,0.0,0,3.0,3.0,2.0,2.0,1.0,0.0,0.0,4.0,3.0,0.0,0
7100900137400452,77.51,0.0,0.0,0,3.0,3.0,0.0,2.0,1.0,0.0,0.0,4.0,3.0,0.0,0
2703100948200291,72.73,0.0,0.0,0,2.0,3.0,0.0,1.0,2.0,0.0,0.0,4.0,3.0,0.0,1
2703107348005944,77.03,0.0,0.0,0,3.0,3.0,3.0,1.0,1.0,0.0,0.0,4.0,3.0,0.0,1
2703100947603796,69.38,0.0,0.0,0,3.0,3.0,0.0,1.0,2.0,0.0,0.0,4.0,3.0,0.0,1
2703100948200218,56.46,4.0,4.0,0,1.0,0.0,1.0,0.0,3.0,3.0,2.0,5.0,4.0,0.0,0
2703100947603781,81.34,0.0,0.0,0,3.0,3.0,0.0,1.0,1.0,0.0,0.0,4.0,3.0,0.0,1
2703100948006966,47.85,1.0,0.0,0,3.0,3.0,0.0,4.0,1.0,0.0,0.0,2.0,2.0,1.0,2
7302100138000863,77.99,0.0,0.0,0,3.0,3.0,0.0,1.0,2.0,0.0,0.0,4.0,3.0,0.0,1
2703100948006892,76.08,1.0,0.0,0,3.0,3.0,0.0,4.0,1.0,0.0,0.0,2.0,2.0,1.0,2
2703100948200197,59.81,1.0,0.0,0,3.0,3.0,0.0,4.0,1.0,0.0,0.0,2.0,2.0,1.0,2
2703100948200366,65.55,0.0,0.0,0,3.0,3.0,0.0,1.0,1.0,3.0,0.0,4.0,3.0,0.0,1
1609700527601730,66.51,1.0,0.0,0,3.0,3.0,0.0,2.0,1.0,0.0,0.0,4.0,3.0,0.0,0
2703100948200378,62.2,1.0,0.0,0,3.0,3.0,0.0,4.0,1.0,0.0,0.0,2.0,2.0,1.0,2
7101000287901366,74.64,0.0,0.0,0,3.0,3.0,0.0,1.0,2.0,0.0,0.0,4.0,3.0,0.0,1
2703100947906111,70.33,0.0,0.0,1,3.0,3.0,0.0,4.0,1.0,0.0,0.0,4.0,3.0,0.0,1
2703100948007314,72.73,1.0,0.0,0,3.0,3.0,0.0,4.0,1.0,0.0,0.0,2.0,2.0,1.0,2
2703100948100125,65.07,0.0,0.0,0,3.0,3.0,0.0,4.0,1.0,0.0,0.0,4.0,3.0,0.0,1
1901700017903744,77.51,3.0,0.0,0,1.0,0.0,4.0,1.0,2.0,3.0,2.0,4.0,3.0,0.0,0
1602400197300065,79.43,0.0,0.0,0,3.0,3.0,0.0,1.0,2.0,0.0,0.0,4.0,3.0,1.0,1
2703100948100146,72.73,4.0,4.0,0,1.0,0.0,1.0,0.0,3.0,3.0,2.0,5.0,3.0,0.0,0
2703100947905615,80.38,0.0,0.0,0,3.0,3.0,0.0,4.0,1.0,0.0,0.0,4.0,3.0,0.0,1
2703100948006888,74.16,1.0,0.0,0,3.0,2.0,2.0,2.0,1.0,0.0,0.0,4.0,3.0,0.0,0
2703103378001917,26.79,1.0,0.0,0,3.0,2.0,2.0,2.0,1.0,0.0,0.0,4.0,3.0,0.0,0
2703108807900611,34.93,1.0,0.0,0,3.0,3.0,0.0,2.0,1.0,0.0,0.0,2.0,4.0,1.0,2
2703100948100167,70.81,4.0,4.0,1,1.0,0.0,1.0,0.0,3.0,3.0,1.0,5.0,3.0,0.0,0
2703106017900743,78.95,3.0,0.0,1,1.0,2.0,3.0,1.0,2.0,3.0,2.0,4.0,3.0,0.0,0
6903000048003421,67.94,0.0,0.0,0,3.0,3.0,0.0,1.0,2.0,0.0,0.0,4.0,3.0,0.0,1
2703100948200384,25.36,1.0,0.0,0,0.0,4.0,0.0,4.0,0.0,0.0,0.0,4.0,2.0,1.0,2
2703100948200295,72.25,0.0,0.0,0,3.0,3.0,0.0,2.0,1.0,0.0,0.0,4.0,3.0,0.0,0
3402000307301253,74.16,0.0,0.0,0,2.0,3.0,0.0,1.0,1.0,0.0,0.0,4.0,3.0,0.0,1
2703100948006847,73.21,0.0,0.0,0,3.0,3.0,0.0,1.0,1.0,0.0,0.0,4.0,3.0,0.0,1
3305200097401166,73.21,1.0,0.0,0,3.0,2.0,2.0,2.0,1.0,0.0,0.0,4.0,3.0,0.0,0
2703100948006918,67.46,1.0,0.0,0,3.0,3.0,0.0,4.0,1.0,0.0,0.0,2.0,2.0,1.0,2
2703100948200375,64.11,1.0,0.0,0,3.0,3.0,0.0,4.0,1.0,0.0,0.0,2.0,2.0,1.0,2
2703100947402025,71.29,0.0,0.0,1,3.0,3.0,0.0,4.0,1.0,0.0,0.0,4.0,3.0,0.0,1
2703100948100155,65.55,0.0,0.0,0,3.0,3.0,0.0,1.0,2.0,0.0,0.0,4.0,3.0,0.0,1
2703100947805044,77.03,3.0,0.0,0,2.0,1.0,1.0,1.0,2.0,0.0,0.0,4.0,3.0,0.0,0
2703100948006977,50.24,1.0,0.0,0,3.0,3.0,0.0,4.0,1.0,0.0,0.0,2.0,2.0,1.0,2
2703102437300647,75.6,2.0,0.0,0,3.0,1.0,2.0,1.0,1.0,0.0,0.0,4.0,3.0,0.0,0
2703100948200268,54.07,1.0,0.0,0,3.0,3.0,0.0,2.0,1.0,0.0,0.0,4.0,3.0,0.0,0
2703106458001935,70.81,4.0,4.0,0,1.0,0.0,1.0,0.0,3.0,3.0,2.0,5.0,3.0,0.0,0
2703102028002662,78.95,3.0,0.0,0,1.0,1.0,3.0,1.0,1.0,3.0,2.0,4.0,3.0,0.0,0
2301000087700130,75.6,1.0,0.0,0,3.0,2.0,2.0,1.0,1.0,0.0,0.0,4.0,3.0,0.0,0
6401400158000699,75.6,4.0,4.0,0,1.0,0.0,1.0,0.0,3.0,3.0,1.0,5.0,3.0,0.0,0
2703100948100137,76.08,1.0,0.0,0,3.0,2.0,2.0,1.0,1.0,0.0,0.0,4.0,3.0,0.0,0
2703100947906647,66.03,1.0,0.0,0,3.0,3.0,0.0,4.0,1.0,0.0,0.0,2.0,2.0,1.0,2
2703100947905630,64.11,3.0,0.0,0,1.0,0.0,3.0,1.0,0.0,0.0,0.0,4.0,0.0,0.0,0
2703100948006877,76.08,0.0,0.0,0,3.0,3.0,0.0,1.0,1.0,3.0,0.0,4.0,3.0,0.0,1
7100900137400543,66.51,1.0,0.0,0,2.0,2.0,0.0,2.0,1.0,0.0,0.0,4.0,3.0,0.0,0
2703100947805079,62.68,1.0,0.0,0,3.0,3.0,0.0,4.0,1.0,0.0,0.0,2.0,2.0,1.0,2
2703100947906041,74.16,0.0,0.0,0,3.0,3.0,3.0,1.0,2.0,0.0,0.0,4.0,3.0,0.0,1
2703100947805021,80.86,3.0,0.0,0,1.0,1.0,4.0,2.0,2.0,3.0,2.0,4.0,3.0,0.0,0
2703100948200430,71.77,1.0,0.0,0,3.0,2.0,0.0,2.0,1.0,0.0,0.0,4.0,3.0,0.0,0
2703100948006913,67.94,0.0,0.0,0,3.0,3.0,0.0,1.0,1.0,0.0,0.0,4.0,3.0,0.0,1
2703100948006814,76.56,0.0,0.0,0,2.0,3.0,0.0,1.0,2.0,0.0,0.0,4.0,3.0,0.0,1
2703100948100122,55.02,0.0,0.0,0,2.0,3.0,0.0,4.0,0.0,0.0,0.0,4.0,3.0,0.0,1
2703100947905675,58.85,1.0,0.0,0,2.0,3.0,0.0,4.0,1.0,0.0,0.0,2.0,2.0,1.0,2
2703100948200323,27.27,1.0,0.0,0,3.0,3.0,0.0,4.0,0.0,0.0,0.0,2.0,3.0,1.0,2
2703100947502936,69.38,0.0,0.0,0,3.0,3.0,0.0,4.0,1.0,0.0,0.0,4.0,3.0,0.0,1
2703100948006944,76.08,1.0,0.0,0,3.0,3.0,0.0,2.0,1.0,0.0,0.0,4.0,3.0,0.0,0
2703100947905999,54.55,0.0,0.0,0,3.0,3.0,0.0,4.0,1.0,0.0,0.0,4.0,3.0,0.0,1
2703100947402027,74.64,0.0,0.0,0,3.0,3.0,3.0,1.0,1.0,0.0,0.0,4.0,3.0,0.0,1
2703100947905797,63.16,0.0,0.0,0,3.0,1.0,0.0,2.0,1.0,0.0,0.0,4.0,3.0,0.0,0
2703100948200352,72.73,1.0,0.0,0,3.0,3.0,0.0,4.0,1.0,0.0,0.0,2.0,2.0,1.0,2
2703100948200286,71.77,0.0,0.0,0,3.0,3.0,0.0,2.0,1.0,0.0,0.0,4.0,3.0,0.0,0
2601200328000951,67.46,2.0,0.0,0,3.0,1.0,2.0,1.0,1.0,0.0,0.0,4.0,3.0,0.0,0
2703100948200354,34.45,1.0,0.0,0,0.0,3.0,0.0,4.0,1.0,0.0,0.0,2.0,4.0,1.0,2
2703100947805540,78.95,0.0,0.0,0,3.0,3.0,0.0,4.0,1.0,0.0,0.0,4.0,3.0,0.0,1
2703100947805016,55.5,0.0,0.0,0,2.0,3.0,0.0,4.0,1.0,0.0,0.0,4.0,3.0,0.0,1
2703100948200333,73.68,0.0,0.0,0,3.0,3.0,0.0,2.0,1.0,0.0,0.0,4.0,3.0,1.0,0
2703100947905665,76.56,1.0,0.0,0,3.0,2.0,0.0,2.0,1.0,0.0,0.0,4.0,3.0,0.0,0
1904000068005445,77.51,3.0,0.0,0,1.0,0.0,3.0,1.0,2.0,3.0,2.0,4.0,3.0,0.0,0
2703100947905648,74.16,3.0,0.0,0,2.0,1.0,3.0,1.0,2.0,0.0,0.0,4.0,3.0,0.0,0
1506900087900394,46.89,1.0,0.0,0,3.0,3.0,0.0,4.0,1.0,0.0,0.0,2.0,2.0,1.0,2
2703100948200287,72.25,2.0,0.0,0,2.0,1.0,2.0,1.0,1.0,0.0,0.0,4.0,3.0,0.0,0
2703104938000649,66.03,1.0,0.0,0,3.0,3.0,0.0,4.0,1.0,0.0,0.0,2.0,2.0,1.0,2
2703100948006985,71.77,0.0,0.0,0,3.0,3.0,0.0,1.0,2.0,0.0,0.0,4.0,3.0,0.0,1
6800600208000087,72.73,3.0,0.0,0,1.0,0.0,3.0,1.0,0.0,0.0,0.0,4.0,0.0,0.0,0
1602400197901086,75.12,1.0,0.0,0,3.0,2.0,0.0,2.0,1.0,0.0,0.0,4.0,3.0,0.0,0
2703100948200421,72.73,3.0,0.0,0,2.0,1.0,1.0,1.0,2.0,0.0,1.0,4.0,3.0,0.0,0
2703100948006922,77.51,1.0,0.0,0,3.0,2.0,0.0,2.0,1.0,0.0,0.0,4.0,3.0,0.0,0
2703100948200181,72.73,0.0,0.0,0,3.0,3.0,0.0,1.0,1.0,0.0,0.0,4.0,3.0,0.0,0
2703100948200228,78.95,0.0,0.0,0,3.0,3.0,0.0,4.0,1.0,0.0,0.0,4.0,3.0,0.0,1
2703100947704595,34.45,0.0,0.0,0,3.0,3.0,0.0,4.0,1.0,0.0,0.0,4.0,0.0,2.0,2
2703100947906020,74.64,0.0,0.0,0,3.0,3.0,0.0,1.0,2.0,0.0,0.0,4.0,3.0,0.0,1
2703100948100158,61.24,0.0,0.0,1,3.0,3.0,0.0,4.0,1.0,0.0,0.0,4.0,3.0,0.0,1
1704801137901609,67.94,0.0,0.0,0,3.0,3.0,0.0,1.0,2.0,0.0,0.0,4.0,3.0,0.0,1
4900300067901324,66.03,1.0,0.0,0,3.0,3.0,0.0,2.0,1.0,0.0,0.0,4.0,3.0,0.0,0
2703100948200304,67.46,1.0,0.0,0,3.0,2.0,2.0,2.0,1.0,0.0,0.0,4.0,3.0,0.0,0
2703100628000941,80.86,3.0,0.0,0,1.0,0.0,3.0,1.0,2.0,3.0,2.0,4.0,3.0,0.0,0
2703100947906011,60.29,1.0,0.0,0,3.0,2.0,3.0,2.0,1.0,0.0,0.0,4.0,3.0,0.0,0
2703107828000268,76.08,1.0,0.0,0,3.0,3.0,2.0,2.0,1.0,0.0,0.0,4.0,3.0,0.0,0
2703100947906653,75.6,0.0,0.0,0,3.0,3.0,0.0,4.0,1.0,0.0,0.0,4.0,3.0,0.0,1
2703100947704278,63.16,1.0,0.0,0,3.0,3.0,0.0,4.0,1.0,0.0,0.0,2.0,2.0,1.0,2
5004000517800277,76.56,3.0,0.0,0,2.0,1.0,1.0,1.0,2.0,0.0,1.0,4.0,3.0,0.0,0
2703100948200243,70.33,0.0,0.0,0,3.0,3.0,0.0,1.0,2.0,0.0,0.0,4.0,3.0,0.0,1
2703100947906019,66.99,0.0,0.0,0,3.0,3.0,0.0,4.0,1.0,0.0,0.0,4.0,3.0,0.0,1
2703102327400326,74.16,0.0,0.0,0,3.0,3.0,0.0,1.0,1.0,0.0,0.0,4.0,3.0,0.0,1
2703100947603806,77.99,0.0,0.0,0,3.0,3.0,3.0,1.0,1.0,0.0,0.0,4.0,3.0,0.0,0
2703100948007014,64.11,1.0,0.0,0,3.0,3.0,0.0,4.0,1.0,0.0,0.0,2.0,2.0,1.0,2
2703100947905614,73.21,3.0,0.0,1,2.0,1.0,1.0,1.0,2.0,0.0,1.0,4.0,3.0,0.0,0
2703104838100063,0.0,0.0,0.0,0,3.0,3.0,0.0,1.0,1.0,0.0,0.0,4.0,3.0,0.0,0
2703104757900929,80.38,3.0,0.0,1,0.0,2.0,3.0,2.0,1.0,3.0,2.0,4.0,2.0,0.0,0
2703100947805232,76.56,1.0,0.0,0,3.0,3.0,0.0,2.0,1.0,0.0,0.0,4.0,3.0,0.0,0
2703100947704588,61.24,1.0,0.0,0,3.0,3.0,0.0,4.0,1.0,0.0,0.0,2.0,2.0,1.0,2
2703100948200240,66.99,0.0,0.0,0,3.0,3.0,0.0,2.0,1.0,0.0,0.0,4.0,3.0,0.0,0
2703100948200223,70.33,0.0,0.0,0,3.0,3.0,0.0,4.0,1.0,0.0,0.0,4.0,3.0,0.0,1
2703100947805183,74.64,0.0,0.0,0,3.0,3.0,0.0,1.0,2.0,0.0,0.0,4.0,3.0,0.0,1
2703100947906033,68.42,0.0,0.0,0,3.0,3.0,0.0,1.0,2.0,0.0,0.0,4.0,3.0,0.0,1
2703100948200402,36.36,1.0,0.0,0,3.0,4.0,0.0,4.0,0.0,0.0,0.0,2.0,2.0,1.0,2
2703100947805083,76.56,0.0,0.0,0,3.0,3.0,0.0,1.0,1.0,0.0,0.0,4.0,3.0,0.0,1
2703100948007044,54.55,0.0,0.0,0,2.0,3.0,0.0,4.0,1.0,0.0,0.0,4.0,3.0,0.0,1
2703105558100116,69.86,1.0,0.0,0,3.0,3.0,0.0,4.0,1.0,0.0,0.0,2.0,2.0,1.0,2
2703100948100159,36.84,0.0,0.0,0,3.0,3.0,0.0,4.0,1.0,0.0,0.0,4.0,3.0,1.0,1
2703102438001100,75.6,3.0,0.0,0,2.0,1.0,1.0,1.0,2.0,0.0,1.0,4.0,3.0,0.0,0
2703100947502940,73.21,0.0,0.0,0,0.0,0.0,0.0,0.0,0.0,0.0,0.0,4.0,0.0,0.0,1
2703100948200429,66.99,0.0,0.0,0,3.0,3.0,0.0,1.0,1.0,0.0,0.0,4.0,3.0,0.0,1
2703100948006948,71.77,0.0,0.0,0,3.0,3.0,0.0,1.0,2.0,0.0,0.0,4.0,3.0,0.0,1
2703100948100138,67.94,0.0,0.0,0,3.0,3.0,0.0,1.0,1.0,0.0,0.0,4.0,3.0,0.0,1
7101000967500703,68.9,0.0,0.0,0,3.0,3.0,0.0,1.0,2.0,0.0,0.0,4.0,3.0,0.0,1
2703100948200251,62.68,0.0,0.0,0,3.0,3.0,0.0,1.0,2.0,0.0,0.0,4.0,3.0,0.0,1
2703100947704619,76.08,0.0,0.0,0,3.0,3.0,0.0,2.0,1.0,0.0,0.0,4.0,3.0,0.0,0
2503700128002093,73.21,2.0,0.0,0,3.0,1.0,2.0,1.0,1.0,0.0,0.0,4.0,3.0,0.0,0
2703100948006827,61.24,0.0,0.0,0,3.0,3.0,0.0,1.0,1.0,3.0,0.0,4.0,3.0,0.0,1
5903300197600028,76.08,4.0,4.0,1,1.0,0.0,1.0,0.0,3.0,3.0,1.0,5.0,3.0,0.0,0
2703100947905640,77.99,1.0,0.0,0,3.0,3.0,0.0,4.0,1.0,0.0,0.0,2.0,2.0,1.0,2
1909300017600730,76.08,0.0,0.0,0,3.0,3.0,0.0,1.0,1.0,0.0,0.0,4.0,3.0,0.0,1
500200017400433,74.64,4.0,4.0,0,1.0,0.0,1.0,0.0,3.0,3.0,2.0,5.0,3.0,0.0,0
1706200078000012,76.56,1.0,0.0,0,3.0,2.0,2.0,1.0,1.0,0.0,0.0,4.0,3.0,0.0,0
7100700147400396,59.81,1.0,0.0,0,3.0,3.0,0.0,4.0,1.0,0.0,0.0,2.0,2.0,1.0,2
2703100948006984,61.24,0.0,0.0,0,3.0,3.0,0.0,1.0,1.0,3.0,0.0,4.0,3.0,0.0,1
2703100948200321,65.07,1.0,0.0,0,3.0,3.0,0.0,4.0,1.0,0.0,0.0,2.0,2.0,1.0,2
2703100947905810,68.42,4.0,4.0,0,1.0,0.0,1.0,0.0,3.0,3.0,1.0,5.0,3.0,0.0,0
1100700057500563,73.68,2.0,0.0,0,3.0,1.0,2.0,1.0,1.0,0.0,0.0,4.0,3.0,0.0,0
2703100948006963,74.16,0.0,0.0,0,3.0,3.0,0.0,1.0,2.0,0.0,0.0,4.0,3.0,0.0,1
2703100947905817,44.02,0.0,0.0,0,3.0,3.0,0.0,1.0,1.0,0.0,0.0,4.0,3.0,0.0,1
2703108688000049,71.29,1.0,0.0,0,3.0,3.0,0.0,2.0,1.0,0.0,0.0,4.0,3.0,0.0,0
1904700018000905,74.64,3.0,4.0,0,1.0,1.0,4.0,2.0,2.0,3.0,2.0,4.0,3.0,0.0,0
2703100948200306,67.46,1.0,0.0,0,3.0,2.0,2.0,2.0,1.0,0.0,0.0,4.0,3.0,0.0,0
3205500037601600,64.59,2.0,0.0,0,3.0,1.0,2.0,1.0,1.0,0.0,0.0,4.0,3.0,0.0,0
1606300418002772,67.46,1.0,0.0,0,2.0,1.0,0.0,2.0,1.0,0.0,0.0,4.0,3.0,0.0,0
2703106017600493,78.95,3.0,0.0,0,1.0,2.0,3.0,1.0,2.0,0.0,0.0,4.0,3.0,0.0,0
2703100948100124,79.43,0.0,0.0,0,3.0,3.0,0.0,4.0,1.0,0.0,0.0,4.0,3.0,0.0,1
2703100948006954,68.42,0.0,0.0,0,3.0,3.0,0.0,4.0,1.0,0.0,0.0,2.0,2.0,1.0,2
2703100947402054,67.94,1.0,0.0,0,3.0,3.0,0.0,4.0,1.0,0.0,0.0,2.0,2.0,1.0,2
2703100948200317,74.16,1.0,0.0,1,3.0,3.0,3.0,2.0,1.0,0.0,0.0,4.0,3.0,0.0,0
2703100947905664,66.51,1.0,0.0,0,3.0,3.0,0.0,4.0,1.0,0.0,0.0,2.0,2.0,1.0,2
2703100948200367,66.99,1.0,0.0,0,3.0,3.0,0.0,4.0,1.0,0.0,0.0,2.0,2.0,1.0,2
2600300438001402,77.51,1.0,0.0,0,3.0,3.0,0.0,2.0,1.0,0.0,0.0,4.0,3.0,0.0,0
2703100947906669,34.93,2.0,0.0,0,3.0,1.0,3.0,1.0,1.0,0.0,0.0,4.0,3.0,0.0,0
2703107828000326,56.94,4.0,4.0,0,1.0,0.0,1.0,0.0,3.0,3.0,2.0,5.0,3.0,0.0,0
2703100947905814,74.64,1.0,0.0,0,3.0,3.0,0.0,4.0,1.0,0.0,0.0,2.0,2.0,1.0,2
2703100948200318,71.29,3.0,0.0,0,2.0,1.0,1.0,1.0,2.0,0.0,0.0,4.0,3.0,0.0,0
2703100948100395,55.02,1.0,0.0,0,3.0,3.0,0.0,4.0,1.0,0.0,0.0,2.0,2.0,1.0,2
2703107767902574,56.94,3.0,0.0,0,2.0,1.0,1.0,1.0,2.0,0.0,1.0,4.0,3.0,0.0,0
7201300147801853,72.25,0.0,0.0,0,3.0,3.0,3.0,1.0,1.0,0.0,0.0,4.0,3.0,0.0,1
2703100948006976,80.38,0.0,0.0,0,3.0,3.0,0.0,1.0,1.0,0.0,0.0,4.0,3.0,1.0,1
2703100947906645,60.29,1.0,0.0,0,3.0,3.0,0.0,4.0,1.0,0.0,0.0,2.0,2.0,1.0,2
2703100948100135,77.03,0.0,0.0,0,2.0,3.0,0.0,1.0,1.0,0.0,0.0,4.0,3.0,1.0,1
2703104757200009,76.56,1.0,0.0,1,3.0,2.0,0.0,2.0,1.0,0.0,0.0,4.0,3.0,1.0,0
1708100128000240,56.46,1.0,0.0,0,3.0,3.0,0.0,2.0,1.0,0.0,0.0,4.0,3.0,0.0,0
2703100127801088,78.47,2.0,0.0,0,1.0,1.0,3.0,0.0,1.0,3.0,2.0,4.0,3.0,0.0,0
2703100947805075,70.33,0.0,0.0,0,3.0,3.0,0.0,1.0,2.0,0.0,0.0,4.0,3.0,0.0,1
3602300077900913,66.03,0.0,0.0,0,3.0,3.0,0.0,1.0,2.0,0.0,0.0,4.0,3.0,0.0,1
2703100947906036,73.68,2.0,0.0,0,3.0,1.0,2.0,1.0,1.0,0.0,0.0,4.0,3.0,0.0,0
2703100948200237,37.32,0.0,0.0,0,3.0,3.0,0.0,1.0,2.0,0.0,0.0,4.0,3.0,0.0,1
2703100948200387,61.24,0.0,0.0,0,3.0,3.0,0.0,1.0,1.0,0.0,0.0,4.0,3.0,0.0,1
2703100947603745,38.76,1.0,0.0,0,3.0,4.0,0.0,4.0,1.0,0.0,0.0,2.0,2.0,1.0,2
2703100948007023,77.03,1.0,0.0,0,3.0,3.0,0.0,4.0,1.0,0.0,0.0,2.0,2.0,1.0,2
2703100948007033,49.76,0.0,0.0,0,3.0,3.0,0.0,1.0,1.0,0.0,0.0,4.0,3.0,0.0,1
6905000037800966,73.21,0.0,0.0,0,3.0,3.0,0.0,1.0,1.0,3.0,0.0,4.0,3.0,0.0,1
2703100948006911,71.29,1.0,0.0,0,3.0,3.0,0.0,4.0,1.0,0.0,0.0,2.0,2.0,1.0,2
2703100948200256,71.29,0.0,0.0,0,3.0,3.0,0.0,1.0,1.0,0.0,0.0,4.0,3.0,0.0,1
1704801508000065,45.45,0.0,0.0,0,3.0,3.0,3.0,1.0,1.0,0.0,0.0,4.0,3.0,0.0,1
2703100948100119,79.43,0.0,0.0,0,3.0,3.0,0.0,4.0,1.0,0.0,0.0,4.0,3.0,0.0,1
2703100948200341,70.81,0.0,0.0,0,3.0,3.0,0.0,1.0,1.0,0.0,0.0,4.0,3.0,0.0,1
2703100947805534,71.29,0.0,0.0,0,3.0,3.0,0.0,1.0,2.0,0.0,0.0,4.0,3.0,0.0,1
2703100947906641,54.07,0.0,0.0,0,3.0,3.0,0.0,1.0,1.0,0.0,0.0,4.0,3.0,0.0,0
2703105558100130,79.9,0.0,0.0,0,2.0,3.0,0.0,1.0,1.0,0.0,0.0,4.0,3.0,0.0,1
2703100947502944,75.6,1.0,0.0,0,3.0,3.0,0.0,4.0,1.0,0.0,0.0,2.0,2.0,1.0,2
2703101338001878,74.64,0.0,0.0,0,3.0,3.0,0.0,1.0,2.0,0.0,0.0,4.0,3.0,0.0,1
2703102438001079,75.6,2.0,0.0,0,3.0,1.0,2.0,1.0,1.0,0.0,0.0,4.0,3.0,0.0,0
2703100948200547,74.16,0.0,0.0,0,3.0,3.0,0.0,1.0,1.0,0.0,0.0,4.0,3.0,0.0,0
2703100948100142,66.51,0.0,0.0,0,3.0,3.0,0.0,4.0,1.0,0.0,0.0,4.0,3.0,0.0,1
2703100947603786,72.25,0.0,0.0,0,3.0,3.0,2.0,2.0,1.0,0.0,0.0,4.0,3.0,0.0,0
2703100948200420,76.08,3.0,0.0,0,2.0,1.0,1.0,1.0,2.0,0.0,1.0,4.0,3.0,0.0,0
2703100947704592,62.68,0.0,0.0,0,0.0,0.0,0.0,0.0,0.0,0.0,0.0,4.0,0.0,0.0,1
2703100947906296,63.64,0.0,0.0,0,3.0,3.0,0.0,1.0,2.0,0.0,0.0,4.0,3.0,0.0,1
1903400128000046,57.42,1.0,0.0,0,2.0,3.0,3.0,2.0,1.0,0.0,0.0,4.0,3.0,0.0,0
2703100948200328,72.73,1.0,0.0,0,3.0,3.0,0.0,4.0,1.0,0.0,0.0,2.0,2.0,1.0,2
2703100947905835,69.38,1.0,0.0,0,3.0,3.0,0.0,4.0,1.0,0.0,0.0,2.0,2.0,1.0,2
6701900128000448,65.55,0.0,0.0,0,3.0,3.0,0.0,1.0,2.0,0.0,0.0,4.0,3.0,0.0,1
1601300028001497,61.24,0.0,0.0,0,3.0,3.0,0.0,1.0,2.0,0.0,0.0,4.0,3.0,0.0,1
2703100948100185,68.9,0.0,0.0,0,3.0,3.0,1.0,4.0,1.0,0.0,0.0,2.0,2.0,1.0,2
5703200277901806,57.89,3.0,0.0,0,1.0,0.0,3.0,1.0,0.0,0.0,0.0,4.0,0.0,0.0,0
3201100018003492,77.51,0.0,0.0,0,3.0,3.0,0.0,2.0,1.0,0.0,0.0,4.0,3.0,0.0,0
2703100947905809,78.95,0.0,0.0,0,3.0,3.0,0.0,1.0,1.0,0.0,0.0,4.0,3.0,0.0,1
2703100948006998,55.98,0.0,0.0,0,3.0,3.0,3.0,2.0,1.0,0.0,0.0,4.0,3.0,0.0,0
7100900137901381,75.12,1.0,0.0,0,3.0,3.0,0.0,4.0,1.0,0.0,0.0,2.0,2.0,1.0,2
2703100947704602,69.86,0.0,0.0,0,3.0,3.0,0.0,1.0,2.0,0.0,0.0,4.0,3.0,0.0,1
2703100948200230,74.16,0.0,0.0,0,3.0,3.0,0.0,1.0,1.0,0.0,0.0,4.0,3.0,0.0,1
2703100948100143,75.12,3.0,0.0,0,2.0,1.0,1.0,1.0,2.0,0.0,1.0,4.0,3.0,0.0,0
2703100948006975,69.86,1.0,0.0,0,3.0,3.0,0.0,4.0,1.0,0.0,0.0,2.0,2.0,1.0,2
2703104737801564,72.73,0.0,0.0,0,3.0,3.0,0.0,1.0,1.0,0.0,0.0,4.0,3.0,0.0,1
2703100948100156,73.21,2.0,0.0,0,3.0,1.0,2.0,1.0,1.0,0.0,0.0,4.0,3.0,0.0,0
6904700047800834,59.33,0.0,0.0,0,3.0,3.0,0.0,1.0,2.0,0.0,0.0,4.0,3.0,0.0,1
2703100948006928,71.77,3.0,0.0,0,2.0,1.0,1.0,1.0,2.0,0.0,1.0,4.0,3.0,0.0,0
5902900218003473,79.43,3.0,0.0,0,1.0,2.0,3.0,1.0,2.0,3.0,2.0,4.0,3.0,0.0,0
2703100948100169,72.73,0.0,0.0,0,3.0,3.0,0.0,1.0,1.0,0.0,0.0,4.0,3.0,0.0,1
2703100948200171,26.79,2.0,0.0,1,1.0,1.0,2.0,2.0,2.0,0.0,0.0,4.0,3.0,0.0,0
2703103617900549,78.95,0.0,0.0,0,3.0,3.0,0.0,1.0,2.0,0.0,0.0,4.0,3.0,0.0,1
2703102597500336,74.16,1.0,0.0,0,3.0,3.0,0.0,4.0,1.0,0.0,0.0,2.0,2.0,1.0,2
2703100948100164,77.51,1.0,0.0,0,3.0,2.0,3.0,1.0,1.0,0.0,0.0,4.0,3.0,0.0,0
1903400128000298,73.21,1.0,0.0,0,3.0,3.0,0.0,2.0,1.0,0.0,0.0,4.0,3.0,0.0,0
1906400468002331,70.81,1.0,0.0,0,3.0,2.0,0.0,2.0,1.0,0.0,0.0,4.0,3.0,0.0,0
2703100947906660,47.85,1.0,0.0,0,3.0,3.0,0.0,4.0,1.0,0.0,0.0,2.0,2.0,1.0,2
2703100948200331,51.2,1.0,0.0,0,3.0,2.0,3.0,2.0,1.0,0.0,0.0,4.0,3.0,0.0,0
2105400017500914,75.6,1.0,0.0,0,3.0,2.0,3.0,2.0,1.0,0.0,0.0,4.0,3.0,0.0,0
7200700168100201,77.51,3.0,0.0,0,1.0,0.0,3.0,1.0,0.0,0.0,0.0,4.0,0.0,0.0,0
3301500048000216,72.25,2.0,0.0,1,3.0,1.0,3.0,1.0,1.0,0.0,0.0,4.0,3.0,0.0,0
2703100948006950,72.25,1.0,0.0,0,3.0,3.0,2.0,2.0,1.0,0.0,0.0,4.0,3.0,0.0,0
2703100948200265,77.03,0.0,0.0,0,3.0,3.0,0.0,1.0,1.0,0.0,0.0,4.0,3.0,0.0,1
7100100397500869,78.95,3.0,0.0,0,1.0,2.0,3.0,2.0,1.0,3.0,2.0,4.0,3.0,0.0,0
2703100947704586,60.77,2.0,0.0,0,3.0,3.0,0.0,4.0,1.0,0.0,0.0,2.0,2.0,1.0,2
2703100947704590,76.56,0.0,0.0,1,3.0,3.0,0.0,1.0,1.0,0.0,0.0,4.0,3.0,0.0,1
2703100948007002,76.08,0.0,0.0,0,3.0,3.0,0.0,1.0,1.0,0.0,0.0,4.0,3.0,0.0,1
2703100947905628,73.21,0.0,0.0,0,3.0,3.0,3.0,1.0,1.0,0.0,0.0,4.0,3.0,0.0,1
2703109187900427,77.51,1.0,0.0,0,3.0,2.0,2.0,1.0,1.0,0.0,0.0,4.0,3.0,0.0,0
2703100947402026,69.86,0.0,0.0,0,3.0,3.0,0.0,1.0,1.0,0.0,0.0,4.0,3.0,0.0,0
3102000297804361,62.68,3.0,0.0,0,1.0,0.0,3.0,1.0,2.0,3.0,2.0,4.0,3.0,0.0,0
2703100948200262,68.42,0.0,0.0,0,3.0,3.0,0.0,1.0,2.0,0.0,0.0,4.0,3.0,0.0,1
2703100948007007,59.33,1.0,0.0,0,3.0,3.0,0.0,4.0,1.0,0.0,0.0,2.0,2.0,1.0,2
2703108618000457,74.16,3.0,0.0,0,1.0,0.0,3.0,1.0,2.0,3.0,2.0,4.0,3.0,0.0,0
2703100948007318,74.64,0.0,0.0,0,3.0,3.0,0.0,1.0,1.0,0.0,0.0,4.0,3.0,0.0,1
2703100948200342,76.08,1.0,0.0,0,2.0,2.0,2.0,1.0,1.0,0.0,0.0,4.0,3.0,0.0,0
2703100947905772,77.99,0.0,0.0,0,3.0,3.0,0.0,1.0,2.0,0.0,0.0,4.0,3.0,0.0,1
2703100747900276,40.19,0.0,0.0,1,3.0,3.0,0.0,4.0,1.0,0.0,0.0,4.0,3.0,0.0,1
2703100947704632,74.64,0.0,0.0,1,3.0,3.0,0.0,1.0,2.0,0.0,0.0,4.0,3.0,0.0,1
2703100948200200,74.64,1.0,0.0,0,3.0,3.0,0.0,2.0,1.0,0.0,0.0,4.0,3.0,0.0,0
2703100948200403,74.64,3.0,0.0,0,2.0,1.0,1.0,1.0,2.0,0.0,1.0,4.0,3.0,0.0,0
2703109767901178,72.73,1.0,0.0,0,3.0,3.0,0.0,4.0,1.0,0.0,0.0,2.0,2.0,1.0,2
2703100947905626,76.56,1.0,0.0,0,3.0,3.0,0.0,4.0,1.0,0.0,0.0,2.0,2.0,1.0,2
2703100947905672,40.67,1.0,0.0,0,3.0,3.0,0.0,4.0,1.0,0.0,0.0,2.0,2.0,1.0,2
2703100948006886,70.81,0.0,0.0,0,3.0,3.0,0.0,1.0,1.0,0.0,0.0,4.0,3.0,0.0,1
2703100948200267,70.81,0.0,0.0,0,3.0,3.0,0.0,4.0,1.0,0.0,0.0,4.0,3.0,0.0,1
2703106017900736,79.43,0.0,0.0,0,3.0,3.0,1.0,4.0,1.0,0.0,0.0,2.0,2.0,1.0,2
1803600087300261,73.21,2.0,0.0,0,2.0,1.0,2.0,1.0,1.0,0.0,0.0,4.0,3.0,0.0,0
2703100947805078,72.25,0.0,0.0,0,3.0,3.0,0.0,1.0,2.0,0.0,0.0,4.0,3.0,0.0,1
1907300107700901,71.29,0.0,0.0,0,3.0,1.0,0.0,2.0,1.0,0.0,0.0,4.0,3.0,0.0,0
2703100948006883,72.73,0.0,0.0,0,3.0,3.0,3.0,1.0,2.0,0.0,0.0,4.0,3.0,0.0,1
3605000287201495,72.73,1.0,0.0,0,3.0,3.0,0.0,4.0,1.0,0.0,0.0,2.0,2.0,1.0,2
2703100948200204,76.08,0.0,0.0,0,3.0,3.0,0.0,1.0,2.0,0.0,0.0,4.0,3.0,0.0,1
2703100948007000,71.77,1.0,0.0,0,3.0,3.0,0.0,4.0,1.0,0.0,0.0,2.0,2.0,1.0,2
2703100947805525,80.86,0.0,0.0,0,3.0,3.0,0.0,1.0,2.0,0.0,0.0,4.0,3.0,0.0,1
7101400157601659,57.89,1.0,0.0,0,3.0,3.0,3.0,2.0,1.0,0.0,0.0,4.0,3.0,0.0,0
3102000837600972,66.51,2.0,0.0,0,1.0,0.0,3.0,1.0,0.0,0.0,0.0,4.0,0.0,0.0,0
2703100948006826,79.43,0.0,0.0,0,3.0,3.0,0.0,4.0,1.0,0.0,0.0,4.0,3.0,0.0,1
2703100948100141,73.68,4.0,4.0,0,1.0,0.0,1.0,0.0,3.0,3.0,1.0,5.0,3.0,0.0,0
2703100948006851,67.94,0.0,0.0,0,3.0,3.0,0.0,4.0,1.0,0.0,0.0,4.0,3.0,0.0,1
2703104737801606,77.99,1.0,0.0,0,3.0,3.0,0.0,4.0,1.0,0.0,0.0,2.0,2.0,1.0,2
2703100947905787,78.95,3.0,0.0,0,1.0,1.0,3.0,1.0,2.0,3.0,2.0,4.0,3.0,0.0,0
2703100948200340,73.21,2.0,0.0,0,3.0,1.0,2.0,1.0,1.0,0.0,0.0,4.0,3.0,0.0,0
2703100947905632,76.56,0.0,0.0,0,3.0,3.0,0.0,4.0,1.0,0.0,0.0,2.0,2.0,1.0,2
2703108637700500,79.9,0.0,0.0,0,3.0,3.0,0.0,1.0,2.0,0.0,0.0,4.0,3.0,0.0,1
2703100948200349,70.33,0.0,0.0,0,3.0,3.0,0.0,1.0,1.0,3.0,0.0,4.0,3.0,0.0,1
2703100948200277,70.81,0.0,0.0,1,3.0,3.0,0.0,1.0,1.0,0.0,0.0,4.0,3.0,0.0,1
2703100948007316,66.51,0.0,0.0,0,3.0,3.0,3.0,1.0,1.0,0.0,0.0,4.0,3.0,0.0,1
2703100948200417,72.25,0.0,0.0,0,3.0,3.0,0.0,1.0,1.0,3.0,0.0,4.0,3.0,0.0,1
1904800097800056,40.67,0.0,0.0,0,3.0,1.0,0.0,2.0,1.0,0.0,0.0,4.0,3.0,0.0,0
2703100948200329,68.42,1.0,0.0,0,3.0,3.0,3.0,2.0,1.0,0.0,0.0,4.0,3.0,0.0,0
2703100947905824,71.77,1.0,0.0,0,3.0,3.0,0.0,4.0,1.0,0.0,0.0,2.0,2.0,1.0,2
2703105538100056,75.6,1.0,0.0,0,3.0,2.0,2.0,2.0,1.0,0.0,0.0,4.0,3.0,0.0,0
2703100948200206,73.21,2.0,0.0,0,3.0,1.0,2.0,1.0,1.0,0.0,0.0,4.0,3.0,0.0,0
2703100948006946,71.77,1.0,0.0,0,3.0,3.0,0.0,2.0,1.0,0.0,0.0,4.0,3.0,0.0,0
2703100948200280,78.95,0.0,0.0,0,3.0,3.0,0.0,1.0,2.0,0.0,0.0,4.0,3.0,0.0,1
1905500148001540,58.85,1.0,0.0,0,3.0,3.0,0.0,2.0,1.0,0.0,0.0,4.0,3.0,0.0,0
1500500077901150,75.6,3.0,0.0,0,2.0,1.0,1.0,1.0,2.0,0.0,0.0,4.0,3.0,0.0,0
2703100948007019,57.42,0.0,0.0,0,3.0,3.0,0.0,1.0,2.0,0.0,0.0,4.0,3.0,0.0,1
2703100948100171,64.11,1.0,0.0,0,3.0,2.0,2.0,1.0,1.0,0.0,0.0,4.0,3.0,0.0,0
6904700047400452,55.98,0.0,0.0,0,3.0,3.0,0.0,4.0,1.0,0.0,0.0,4.0,3.0,0.0,1
2703100947906662,48.33,0.0,0.0,0,3.0,3.0,0.0,4.0,1.0,0.0,0.0,4.0,3.0,0.0,1
2703100947805052,75.6,2.0,0.0,0,1.0,0.0,3.0,1.0,0.0,0.0,0.0,4.0,0.0,0.0,0
2703100948006871,71.29,1.0,0.0,0,3.0,1.0,2.0,2.0,1.0,0.0,0.0,4.0,3.0,0.0,0
6905000037800965,73.68,1.0,0.0,0,3.0,3.0,0.0,4.0,1.0,0.0,0.0,2.0,2.0,1.0,2
2703100947805046,73.21,3.0,0.0,0,2.0,1.0,1.0,1.0,2.0,0.0,1.0,4.0,3.0,0.0,0
3201900197700190,71.77,0.0,0.0,0,2.0,3.0,0.0,1.0,1.0,0.0,0.0,4.0,3.0,0.0,1
2703107017400158,78.95,3.0,0.0,1,1.0,2.0,3.0,2.0,2.0,3.0,2.0,4.0,3.0,1.0,0
2408700038100008,46.89,2.0,0.0,0,3.0,1.0,2.0,1.0,1.0,0.0,0.0,4.0,3.0,0.0,0
2703106408000592,68.42,1.0,0.0,0,3.0,3.0,0.0,4.0,1.0,0.0,0.0,2.0,2.0,1.0,2
1609000267401561,74.16,1.0,0.0,0,3.0,3.0,0.0,4.0,1.0,0.0,0.0,2.0,2.0,1.0,2
2703100948006818,63.16,1.0,0.0,0,2.0,3.0,0.0,2.0,1.0,0.0,0.0,4.0,3.0,0.0,0
2703100947905659,31.1,1.0,0.0,0,3.0,3.0,0.0,2.0,1.0,0.0,1.0,2.0,3.0,1.0,2
2703100947805499,80.38,0.0,0.0,0,3.0,3.0,3.0,1.0,2.0,0.0,0.0,4.0,3.0,0.0,1
7100500157500535,74.16,2.0,0.0,0,3.0,1.0,2.0,1.0,1.0,0.0,0.0,4.0,3.0,0.0,0
2703100948100157,73.68,0.0,0.0,0,3.0,3.0,0.0,1.0,1.0,0.0,0.0,4.0,3.0,0.0,1
2703100948200269,66.99,0.0,0.0,0,3.0,1.0,0.0,1.0,1.0,0.0,0.0,4.0,3.0,0.0,1
1506700098001481,58.85,0.0,0.0,0,3.0,3.0,0.0,1.0,2.0,0.0,0.0,4.0,3.0,0.0,1
2703100948200320,15.79,4.0,4.0,0,1.0,0.0,1.0,0.0,3.0,3.0,2.0,5.0,3.0,0.0,0
2703106018000997,69.86,0.0,0.0,0,2.0,3.0,0.0,2.0,1.0,0.0,0.0,4.0,3.0,1.0,0
2703100948200264,69.86,0.0,0.0,0,3.0,3.0,0.0,1.0,1.0,0.0,0.0,4.0,3.0,0.0,0
2703100948200423,67.94,0.0,0.0,0,3.0,3.0,0.0,1.0,2.0,0.0,0.0,4.0,3.0,0.0,1
1302400137300313,70.81,0.0,0.0,0,3.0,3.0,0.0,1.0,1.0,3.0,0.0,4.0,3.0,0.0,1
3205200078001255,76.56,1.0,0.0,0,3.0,2.0,0.0,2.0,1.0,0.0,0.0,4.0,3.0,0.0,0
2703100947905818,76.08,1.0,0.0,0,3.0,3.0,0.0,4.0,1.0,0.0,0.0,2.0,2.0,1.0,2
1906900128002091,77.03,0.0,0.0,0,3.0,3.0,0.0,4.0,1.0,0.0,0.0,4.0,3.0,0.0,1
2703100948200397,74.16,0.0,0.0,0,3.0,3.0,0.0,1.0,2.0,0.0,0.0,4.0,3.0,0.0,1
3102000447902772,32.54,0.0,0.0,1,3.0,3.0,0.0,1.0,1.0,0.0,0.0,4.0,3.0,1.0,1
2703100747800254,76.56,0.0,0.0,0,3.0,3.0,0.0,1.0,2.0,0.0,0.0,4.0,3.0,0.0,1
5802000127704332,80.38,3.0,0.0,0,1.0,1.0,3.0,0.0,1.0,3.0,2.0,4.0,3.0,0.0,0
2703100948200246,78.47,3.0,0.0,0,1.0,1.0,3.0,1.0,2.0,3.0,2.0,4.0,3.0,0.0,0
2703100948006988,69.38,1.0,0.0,0,3.0,1.0,0.0,2.0,1.0,0.0,0.0,4.0,3.0,0.0,0
1606300307500396,65.55,0.0,0.0,0,3.0,1.0,0.0,1.0,1.0,3.0,0.0,4.0,3.0,0.0,1
2703100948100118,65.55,2.0,0.0,1,3.0,1.0,2.0,1.0,1.0,0.0,0.0,4.0,3.0,0.0,0
2703105558100137,80.38,3.0,0.0,0,2.0,2.0,2.0,1.0,2.0,3.0,2.0,4.0,2.0,0.0,0
2703100948100123,59.33,0.0,0.0,0,3.0,4.0,0.0,4.0,1.0,0.0,0.0,4.0,3.0,0.0,1
1904000277500471,74.16,1.0,0.0,0,3.0,3.0,0.0,4.0,1.0,0.0,0.0,2.0,2.0,1.0,2
7003900107900286,71.77,0.0,0.0,0,3.0,3.0,0.0,4.0,1.0,0.0,0.0,4.0,3.0,0.0,1
2703100948006813,64.59,0.0,0.0,0,3.0,3.0,0.0,1.0,2.0,0.0,0.0,4.0,3.0,0.0,1
2703100948007005,60.77,1.0,0.0,0,2.0,3.0,0.0,4.0,1.0,0.0,0.0,2.0,2.0,1.0,2
2703100947905639,71.77,1.0,0.0,0,3.0,3.0,0.0,4.0,1.0,0.0,0.0,2.0,2.0,1.0,2
2703100948200298,75.12,0.0,0.0,0,3.0,3.0,0.0,4.0,1.0,0.0,0.0,4.0,3.0,0.0,1
2703100947603692,61.72,1.0,0.0,0,3.0,3.0,0.0,4.0,1.0,0.0,0.0,2.0,2.0,1.0,2
2703100948006940,65.07,2.0,0.0,0,2.0,1.0,2.0,1.0,1.0,0.0,0.0,4.0,3.0,0.0,0
2703100948200302,52.15,0.0,0.0,0,3.0,3.0,0.0,1.0,1.0,0.0,0.0,4.0,3.0,0.0,0
2703100947805159,76.08,0.0,0.0,0,3.0,3.0,0.0,1.0,2.0,0.0,0.0,4.0,3.0,0.0,1
2703100947906007,78.47,3.0,0.0,0,1.0,2.0,3.0,2.0,2.0,3.0,2.0,4.0,3.0,0.0,0
5900700338001045,68.42,1.0,0.0,0,3.0,3.0,2.0,2.0,1.0,0.0,0.0,4.0,3.0,0.0,0
2703106457601411,57.89,2.0,0.0,0,3.0,1.0,2.0,1.0,1.0,0.0,0.0,4.0,3.0,0.0,0
2703100948200250,75.6,0.0,0.0,0,2.0,3.0,0.0,1.0,2.0,0.0,0.0,4.0,3.0,0.0,1
6905000037200343,79.43,3.0,0.0,0,1.0,1.0,3.0,1.0,2.0,0.0,0.0,4.0,3.0,0.0,0
2703100948200299,54.55,1.0,0.0,0,3.0,3.0,0.0,4.0,1.0,0.0,0.0,2.0,2.0,1.0,2
2703105558100118,75.12,0.0,0.0,0,3.0,3.0,0.0,1.0,1.0,0.0,0.0,4.0,3.0,0.0,1
2703100947502830,59.81,0.0,0.0,0,2.0,3.0,0.0,4.0,1.0,0.0,0.0,4.0,3.0,0.0,1
2703100947805031,76.56,0.0,0.0,0,3.0,3.0,0.0,4.0,1.0,0.0,0.0,4.0,3.0,0.0,1
2703100947906037,65.07,2.0,0.0,0,3.0,1.0,2.0,1.0,1.0,0.0,0.0,4.0,3.0,0.0,0
1509700457400113,60.77,0.0,0.0,0,0.0,0.0,0.0,0.0,0.0,0.0,0.0,4.0,0.0,0.0,1
2703105437702300,81.34,3.0,0.0,0,0.0,1.0,3.0,2.0,2.0,3.0,2.0,4.0,3.0,0.0,0
2703100948100163,71.29,1.0,0.0,0,3.0,3.0,0.0,2.0,1.0,0.0,0.0,4.0,3.0,0.0,0
2703100947905779,77.99,0.0,0.0,0,3.0,3.0,0.0,1.0,1.0,0.0,0.0,4.0,3.0,0.0,1
1608900038000705,97.9,4.0,4.0,1,0.0,0.0,4.0,2.0,3.0,3.0,2.0,4.0,3.0,0.0,0
2703100948006909,75.12,3.0,0.0,1,2.0,1.0,1.0,1.0,2.0,0.0,0.0,4.0,3.0,0.0,0
2703105437802433,77.99,4.0,4.0,0,0.0,0.0,4.0,1.0,2.0,3.0,1.0,4.0,3.0,0.0,0
1806000038001683,61.72,0.0,0.0,0,1.0,3.0,0.0,4.0,1.0,0.0,0.0,2.0,2.0,1.0,2
2703102327200008,72.73,1.0,0.0,1,3.0,3.0,0.0,2.0,1.0,0.0,0.0,4.0,3.0,0.0,0
2703100948200224,70.33,0.0,0.0,0,3.0,3.0,0.0,4.0,1.0,0.0,0.0,4.0,3.0,0.0,1
6701900017400413,72.25,0.0,0.0,1,3.0,3.0,0.0,4.0,1.0,0.0,0.0,4.0,3.0,1.0,1
2703108977800578,78.95,3.0,0.0,0,1.0,0.0,3.0,0.0,1.0,3.0,2.0,4.0,3.0,0.0,0
2703100948006953,67.94,0.0,0.0,0,3.0,3.0,0.0,1.0,1.0,0.0,0.0,4.0,3.0,0.0,1
